Nom,URL,Image,Nom Commercial,Code DCI,Forme,Dosage,Conditionnement,Type,Liste,Pays,Tarif de référence,PPA
LANZOMED 30 mg,https://www.pharmnet-dz.com/medic.aspx?id=6333,,LANZOMED,10A167,GLES.,Cliquez ici,30,Prod locale : Oui,DIARFAN 10 mg Racécadotril PDRE.SOL.BUV 16 Sachets,ALGERIE,420.00 DA,N/A
VIASART 160MG B/30 COMP. PELLI.,https://www.pharmnet-dz.com/medic.aspx?id=6332,,VIASART,06E166,COMP. PELLI.,Cliquez ici,30,Prod locale : Oui,AMLIBON 10MG COMP. B/30 ET B/90,ALGERIE,1380 DA,N/A
VIASART 80MG B/30 COMP. PELLI.,https://www.pharmnet-dz.com/medic.aspx?id=6330,,VIASART,06E147,COMP. PELLI.,Cliquez ici,30,Prod locale : Oui,AMLIBON 10MG COMP. B/30 ET B/90,ALGERIE,1380  DA,DA
NEOBIOL 100mg comprimé pelliculé,https://www.pharmnet-dz.com/medic.aspx?id=6329,,NEOBIOL,25E015,COMP. PELLI.,Cliquez ici,B/50,Prod locale : Oui,ERECTA 50MG   COMPRIME PELLICULE  B/10,ALGERIE,0 DA,N/A
PROSTADOZ® cp Pell B/30,https://www.pharmnet-dz.com/medic.aspx?id=6327,,PROSTADOZ®,25B023,COMP PELL SEC,Cliquez ici,B/30 Cps,Prod locale : Oui,ERECTA 50MG   COMPRIME PELLICULE  B/10,ALGERIE,1605.03 DA,1605.03 DA
PROSTADOZ® cp Pell B/30,https://www.pharmnet-dz.com/medic.aspx?id=6326,,DCI,,,,,,LANZOMED 30 mg,,,
PROSTADOZ® cp Pell B/30,https://www.pharmnet-dz.com/medic.aspx?id=6325,,DCI,,,,,,LANZOMED 30 mg,,,
"BETAMETHASONE novagenerics®  2 mg,  comprimé dispersible sécable boite de 20",https://www.pharmnet-dz.com/medic.aspx?id=6324,,BETAMETHASONE novagenerics®,09H133,COMP. DISPERS. SEC.,Cliquez ici,B/20 comp,Prod locale : Oui,FEXODINE 30 MG/ 5 ML SUSP BUV FL/125ML,ALGERIE,0 DA,320.00 DA
"ASPINOVA®  100 mg, comprimé  boite de 30 / boite de 90",https://www.pharmnet-dz.com/medic.aspx?id=6323,,ASPINOVA®,12A131,COMP.,Cliquez ici,B/30 - B/90 Cps,Prod locale : Oui,AMLIBON 10MG COMP. B/30 ET B/90,ALGERIE,"238,5 DA","260,87 DA"
,https://www.pharmnet-dz.com//medic.aspx?id=6253,,ABAVIR,13P491,COMP. PELLI.,Cliquez ici,B/1  PILULIER DE 60,Prod locale : Non,ABAVIR OS 20 MG/ML SOL BUV  B/1  FL DE 240 ML ET SEREINGUE FRADUEE DE 10 ML,INDE,--- DA,DA
,https://www.pharmnet-dz.com//medic.aspx?id=6252,,ABAVIR OS,13P490,SOL. BUV.,Cliquez ici,B/1  FL DE 240 ML ET SEREINGUE FRADUEE DE 10 ML,Prod locale : Non,ABAVIR  300 MG CP PELL B/1  PILULIER DE 60,INDE,--- DA,DA
,https://www.pharmnet-dz.com//medic.aspx?id=6146,,ABDIFLY,16D104,COMP.,Cliquez ici,B/28,Prod locale : Non,XEPLION 100MG/ML SUSP INJ LP B/01  SER PRE-REMP DE 0.75 ML(75 MG/0.75ML) ET 02 AIGUILLES,ALGERIE,5842 DA,DA
,https://www.pharmnet-dz.com//medic.aspx?id=2288,,ABILIFY,16D103,COMP.,Cliquez ici,B/28,Prod locale : Non,XEPLION 100MG/ML SUSP INJ LP B/01  SER PRE-REMP DE 0.75 ML(75 MG/0.75ML) ET 02 AIGUILLES,ROYAUME UNI,5453 DA,6552.00 DA
,https://www.pharmnet-dz.com//medic.aspx?id=2290,,ABILIFY,16D104,COMP.,Cliquez ici,B/28,Prod locale : Non,XEPLION 100MG/ML SUSP INJ LP B/01  SER PRE-REMP DE 0.75 ML(75 MG/0.75ML) ET 02 AIGUILLES,ROYAUME UNI,5452.00  DA,-- DA
,https://www.pharmnet-dz.com//medic.aspx?id=4441,,ABILIFY,16D104,COMP.,Cliquez ici,B/28,Prod locale : Non,XEPLION 100MG/ML SUSP INJ LP B/01  SER PRE-REMP DE 0.75 ML(75 MG/0.75ML) ET 02 AIGUILLES,TURQUIE,7020 DA,DA
,https://www.pharmnet-dz.com//medic.aspx?id=5898,,ABILIZOLE,16D171,COMP. ORODISPERS.,Cliquez ici,B/30,Prod locale : Non,XEPLION 100MG/ML SUSP INJ LP B/01  SER PRE-REMP DE 0.75 ML(75 MG/0.75ML) ET 02 AIGUILLES,ALGERIE,5630 DA,5630.16 DA
,https://www.pharmnet-dz.com//medic.aspx?id=2285,,ABILIZOLE,16D103,COMP.,Cliquez ici,B/30,Prod locale : Non,XEPLION 100MG/ML SUSP INJ LP B/01  SER PRE-REMP DE 0.75 ML(75 MG/0.75ML) ET 02 AIGUILLES,ALGERIE,5842.20 DA,5630.16 DA
,https://www.pharmnet-dz.com//medic.aspx?id=6015,,ABILIZOLE,16D171,COMP. ORODISPERS.,Cliquez ici,B/30,Prod locale : Non,XEPLION 100MG/ML SUSP INJ LP B/01  SER PRE-REMP DE 0.75 ML(75 MG/0.75ML) ET 02 AIGUILLES,ALGERIE,5630 DA,5842.27 DA
,https://www.pharmnet-dz.com//medic.aspx?id=2291,,ABILIZOLE,16D104,COMP.,Cliquez ici,B/30,Prod locale : Non,XEPLION 100MG/ML SUSP INJ LP B/01  SER PRE-REMP DE 0.75 ML(75 MG/0.75ML) ET 02 AIGUILLES,ALGERIE,5630 DA,"5,842.27 DA"
,https://www.pharmnet-dz.com//medic.aspx?id=6241,,ABILIZOLE,16D173,SOL. BUV.,Cliquez ici,B/ 01  SER PRE-REMP DE 1.5ML (150MG/1.5ML) ET 02 AIGUILLES,Prod locale : Non,XEPLION 100MG/ML SUSP INJ LP B/01  SER PRE-REMP DE 0.75 ML(75 MG/0.75ML) ET 02 AIGUILLES,ALGERIE,--- DA,DA
,https://www.pharmnet-dz.com//medic.aspx?id=6240,,ABILIZOLE,16D173,SOL. BUV.,Cliquez ici,FL/125 ML  SER PRE-REMP DE 1ML (100MG/ML) ET 02 AIGUILLES,Prod locale : Non,XEPLION 100MG/ML SUSP INJ LP B/01  SER PRE-REMP DE 0.75 ML(75 MG/0.75ML) ET 02 AIGUILLES,ALGERIE,--- DA,DA
,https://www.pharmnet-dz.com//medic.aspx?id=6239,,ABILIZOLE,16D173,SOL. BUV.,Cliquez ici,FL/125 ML B/01  SER PRE-REMP DE 0.75 ML(75 MG/0.75ML) ET 02 AIGUILLES,Prod locale : Non,XEPLION 100MG/ML SUSP INJ LP B/01  SER PRE-REMP DE 0.75 ML(75 MG/0.75ML) ET 02 AIGUILLES,ALGERIE,--- DA,DA
,https://www.pharmnet-dz.com//medic.aspx?id=3034,,ABUFENE,11F048,COMP.,Cliquez ici,B/30,Prod locale : Non,"DESIRETT 0,075MG COMP. PELL B/28",FRANCE,00 DA,359.40 DA
,https://www.pharmnet-dz.com//medic.aspx?id=4642,,ACARLYSE,14A136,COMP.,Cliquez ici,B/30,Prod locale : Oui,CALCIDOSE VITAMINE D 400UI/500MG/SACHET PDRE. ORALE  B/30 SACHETS,ALGERIE,410 DA,411.28 DA
,https://www.pharmnet-dz.com//medic.aspx?id=3226,,ACEBUTOLOL IVAL,06F067,COMP. PELLI.,Cliquez ici,B/30,Prod locale : Oui,AMLIBON 10MG COMP. B/30 ET B/90,ALGERIE,314.70 DA,314.70 DA
,https://www.pharmnet-dz.com//medic.aspx?id=3232,,ACEBUTOLOL IVAL,06F068,COMP. PELLI.,Cliquez ici,B/30,Prod locale : Oui,AMLIBON 10MG COMP. B/30 ET B/90,ALGERIE,582 DA,"582,00    DA"
,https://www.pharmnet-dz.com//medic.aspx?id=4112,,ACEPRAL,02D049,COMP. PELLI. LP,Cliquez ici,B/20,Prod locale : Oui,ATP NOVAGENERICS  30MG GLES.  B/30,ALGERIE,66.80 DA,66.00 DA
,https://www.pharmnet-dz.com//medic.aspx?id=4125,,ACEPRAL-L 1000MG,03A069,PDRE. SOL. BUV.,Cliquez ici,B/20 SACHETS,Prod locale : Oui,ATP NOVAGENERICS  30MG GLES.  B/30,ALGERIE,133.60 DA,"133,60    DA"
,https://www.pharmnet-dz.com//medic.aspx?id=1708,,ACEPRAL-L,12A144,PDRE. SOL. BUV.,Cliquez ici,B/30SACHETS-DOSE,Prod locale : Oui,ADCETRIS 50 MG / ML  POUDRE POUR SOLUTION A DILUER POUR PERFUSION  B/01 FLACON,ALGERIE,127.20 DA,"127,20    DA"
,https://www.pharmnet-dz.com//medic.aspx?id=4122,,ACEPRAL-L ADULTES,03A025,PDRE. SOL. BUV.,Cliquez ici,B/20 SACHETS,Prod locale : Oui,ATP NOVAGENERICS  30MG GLES.  B/30,ALGERIE,66.80 DA,66.80 DA
,https://www.pharmnet-dz.com//medic.aspx?id=4120,,ACEPRAL-L ENFANT,03A024,PDRE. SOL. BUV.,Cliquez ici,B/20 SACHETS,Prod locale : Oui,ATP NOVAGENERICS  30MG GLES.  B/30,ALGERIE,"117,60    DA","117,60    DA"
,https://www.pharmnet-dz.com//medic.aspx?id=4604,,ACETADOL,03B061,SOL. BUV.,Cliquez ici,B/1 FL DE 100ML+PIPETTE GRADUEE,Prod locale : Oui,ATP NOVAGENERICS  30MG GLES.  B/30,ALGERIE,81 DA,-- DA
,https://www.pharmnet-dz.com//medic.aspx?id=5806,,ACFUSID,07C016,PDE. DERM.,Cliquez ici,T/15G,Prod locale : Oui,ADAFERIN GEL DERMIQUE 0.1%,ALGERIE,145 DA,-- DA
,https://www.pharmnet-dz.com//medic.aspx?id=1968,,ACICLOSINA,17F042,PDE. OPHT.,Cliquez ici,T/5G,Prod locale : Oui,CROPINE 0.5% COLLY. EN SOL. FL./10ML,PORTUGAL,307.75 DA,-- DA
,https://www.pharmnet-dz.com//medic.aspx?id=4218,,ACICLOVIR GL,13P097,COMP.,Cliquez ici,B/30,Prod locale : Oui,AMODEX-Gé 250MG/5ML PDRE. P. SUSP. BUV. FL/60ML,ALGERIE,0 DA,472.59 DA
,https://www.pharmnet-dz.com//medic.aspx?id=6294,,ACICLOVIR GL,13P097,COMP.,Cliquez ici,B/30,Prod locale : Oui,AMODEX-Gé 250MG/5ML PDRE. P. SUSP. BUV. FL/60ML,ALGERIE,475.09 DA,475.09 DA
,https://www.pharmnet-dz.com//medic.aspx?id=420,,ACICLOVIR MYLAN,13P098,PDRE. SOL. INJ.,Cliquez ici,B/05 FL. DE PDRE.,Prod locale : Oui,AMODEX-Gé 250MG/5ML PDRE. P. SUSP. BUV. FL/60ML,FRANCE,472.59 DA,-- DA
,https://www.pharmnet-dz.com//medic.aspx?id=1743,,ACIDE AMINOCAPROIQUE,12C011,SOL. INJ.,Cliquez ici,B/10AMP.,Prod locale : Oui,ADCETRIS 50 MG / ML  POUDRE POUR SOLUTION A DILUER POUR PERFUSION  B/01 FLACON,FRANCE,0 DA,N/A
,https://www.pharmnet-dz.com//medic.aspx?id=1197,,ACIDE BIOTIC,25G020,SOL. DIALYSE,Cliquez ici,BIDON 10L,Prod locale : Oui,ERECTA 50MG   COMPRIME PELLICULE  B/10,ALGERIE,N/A,N/A
,https://www.pharmnet-dz.com//medic.aspx?id=1746,,ACIDE FOLIQUE - API,12E020,COMP.,Cliquez ici,B/20,Prod locale : Oui,ADCETRIS 50 MG / ML  POUDRE POUR SOLUTION A DILUER POUR PERFUSION  B/01 FLACON,ALGERIE,0 DA,170.00 DA
,https://www.pharmnet-dz.com//medic.aspx?id=1078,,ACIDE ZOLEDRONIQUE HIKMA,05F123,SOL. PERF.,Cliquez ici,B/01 FL DE PDRE,Prod locale : Non,5-FLUOROURACIL EBEWE 50MG/ML**  (OU 250MG/5ML -  500MG/10ML -  1000MG/20ML) SOL INJ B/5 AMP. DE 5ML  -  B/1FL DE 10ML  -  B/1FL. DE 20ML),JORDANIE,12140.00 DA,11974.60 DA
,https://www.pharmnet-dz.com//medic.aspx?id=544,,ACIDERM,07P074,SOL.,Cliquez ici,FL/250 ML,Prod locale : Oui,ADAFERIN GEL DERMIQUE 0.1%,ALGERIE,-- DA,225.31 DA
,https://www.pharmnet-dz.com//medic.aspx?id=1205,,ACIDIAL,25G056,SOL. DIALYSE,Cliquez ici,BIDON 10L,Prod locale : Oui,ERECTA 50MG   COMPRIME PELLICULE  B/10,ALGERIE,N/A,N/A
,https://www.pharmnet-dz.com//medic.aspx?id=3891,,ACIDRINE,10B004,COMP. A CROQ.,Cliquez ici,B/40,Prod locale : Oui,DIARFAN 10 mg Racécadotril PDRE.SOL.BUV 16 Sachets,ALGERIE,0 DA,N/A
,https://www.pharmnet-dz.com//medic.aspx?id=3429,,B.SIX,14H102,COMP.,Cliquez ici,B/20,Prod locale : Oui,CALCIDOSE VITAMINE D 400UI/500MG/SACHET PDRE. ORALE  B/30 SACHETS,ALGERIE,0 DA,N/A
,https://www.pharmnet-dz.com//medic.aspx?id=6107,,BACAZIRED,05G177,SOL. PERF.,Cliquez ici,"B/01 FL. DE 1,5ML DE SOL. A DILUER + 01 FL. DE 4,5ML DE SOLVANT",Prod locale : Non,5-FLUOROURACIL EBEWE 50MG/ML**  (OU 250MG/5ML -  500MG/10ML -  1000MG/20ML) SOL INJ B/5 AMP. DE 5ML  -  B/1FL DE 10ML  -  B/1FL. DE 20ML),INDE,00 DA,DA
,https://www.pharmnet-dz.com//medic.aspx?id=2376,,BACICOLINE A LA BACTRACINE,17D018,PDRE. SOL. COLLY.,Cliquez ici,FL/5ML,Prod locale : Oui,CROPINE 0.5% COLLY. EN SOL. FL./10ML,ALGERIE,0 DA,N/A
,https://www.pharmnet-dz.com//medic.aspx?id=4634,,BACLON,21E025,COMP. SEC.,Cliquez ici,B/50,Prod locale : Oui,ACTEMRA   20MG/ML/FLACON  CONCENTRE POUR SOLUTION A DILUER POUR PERFUSION IV  BOITE DE 1 FLACON DE  20ml( 400 mg/20ml),ALGERIE,437 DA,437 DA
,https://www.pharmnet-dz.com//medic.aspx?id=1423,,BACRO,21E025,COMP.,Cliquez ici,B/50,Prod locale : Oui,ACTEMRA   20MG/ML/FLACON  CONCENTRE POUR SOLUTION A DILUER POUR PERFUSION IV  BOITE DE 1 FLACON DE  20ml( 400 mg/20ml),ITALIE,438 DA,N/A
,https://www.pharmnet-dz.com//medic.aspx?id=4487,,BACTISOL,13M090,SUSP. BUV.,Cliquez ici,BOITE DE 01 FLACON DE 100ML + CM DE 5ML,Prod locale : Oui,AMODEX-Gé 250MG/5ML PDRE. P. SUSP. BUV. FL/60ML,ALGERIE,145 DA,N/A
,https://www.pharmnet-dz.com//medic.aspx?id=1905,,BACTIZOL,13B013,PDRE. INJ.,Cliquez ici,"B/1FL. PDRE. + 1AMP.SOLV. (0,5% LIDOCAINE) DE 4ML",Prod locale : Oui,AMODEX-Gé 250MG/5ML PDRE. P. SUSP. BUV. FL/60ML,ALGERIE,129 DA,N/A
,https://www.pharmnet-dz.com//medic.aspx?id=1900,,BACTIZOL,13B012,PDRE. INJ.,Cliquez ici,B/25FL.DE PDRE.,Prod locale : Oui,AMODEX-Gé 250MG/5ML PDRE. P. SUSP. BUV. FL/60ML,ALGERIE,129 DA,N/A
,https://www.pharmnet-dz.com//medic.aspx?id=1683,,BACTROBAN,07C104,PDE. DERM.,Cliquez ici,T/15G,Prod locale : Oui,ADAFERIN GEL DERMIQUE 0.1%,ALGERIE,198 DA,DA
,https://www.pharmnet-dz.com//medic.aspx?id=1345,,BALSOFUMINE  SIMPLE,20E043,SOL. INHAL.,Cliquez ici,FL/84ML,Prod locale : Non,"CARBOMEX 0,05 SOL BUV FL/150ML +GOBLET DOSEUR DE 150 ML",FRANCE,0 DA,DA
,https://www.pharmnet-dz.com//medic.aspx?id=1347,,BALSOFUMINE MENTHOLEE,20E070,SOL. INHAL.,Cliquez ici,FL/84ML,Prod locale : Non,"CARBOMEX 0,05 SOL BUV FL/150ML +GOBLET DOSEUR DE 150 ML",FRANCE,0 DA,DA
,https://www.pharmnet-dz.com//medic.aspx?id=6114,,BALTAXINE,16A106,GLES.,Cliquez ici,PILULIER DE 30,Prod locale : Non,XEPLION 100MG/ML SUSP INJ LP B/01  SER PRE-REMP DE 0.75 ML(75 MG/0.75ML) ET 02 AIGUILLES,ALGERIE,195 DA,DA
,https://www.pharmnet-dz.com//medic.aspx?id=1686,,BANEOCIN,07C134,PDE. DERM.,Cliquez ici,T/20G,Prod locale : Oui,ADAFERIN GEL DERMIQUE 0.1%,ALGERIE,0 DA,N/A
,https://www.pharmnet-dz.com//medic.aspx?id=1687,,BANEOCIN,07C135,PDRE. DERM.,Cliquez ici,FL/10G,Prod locale : Oui,ADAFERIN GEL DERMIQUE 0.1%,AUTRICHE,160.26 DA,DA
,https://www.pharmnet-dz.com//medic.aspx?id=3524,,BARACLUDE,13P313,COMP.,Cliquez ici,B/30,Prod locale : Oui,AMODEX-Gé 250MG/5ML PDRE. P. SUSP. BUV. FL/60ML,ETATS UNIS D'AMERIQUE,0 DA,DA
,https://www.pharmnet-dz.com//medic.aspx?id=3525,,BARACLUDE,13P314,COMP.,Cliquez ici,B/30,Prod locale : Oui,AMODEX-Gé 250MG/5ML PDRE. P. SUSP. BUV. FL/60ML,ETATS UNIS D'AMERIQUE,0 DA,DA
,https://www.pharmnet-dz.com//medic.aspx?id=4677,,BASALOG ONE,14B215,SOL. INJ.,Cliquez ici,B/05 STYLOS PREREMPLIS SOLOSTAR DE 3ML,Prod locale : Oui,CALCIDOSE VITAMINE D 400UI/500MG/SACHET PDRE. ORALE  B/30 SACHETS,INDE,0 DA,5568.23 DA
,https://www.pharmnet-dz.com//medic.aspx?id=620,,BASDENE,09E112,COMP.,Cliquez ici,B/50,Prod locale : Non,CORTIPRED 20MG COMP. EFFERV. B/20,FRANCE,229 DA,N/A
,https://www.pharmnet-dz.com//medic.aspx?id=1809,,BC FER,12E151,GLES.,Cliquez ici,B/30,Prod locale : Oui,ADCETRIS 50 MG / ML  POUDRE POUR SOLUTION A DILUER POUR PERFUSION  B/01 FLACON,ALGERIE,230.1 DA,N/A
,https://www.pharmnet-dz.com//medic.aspx?id=4622,,B-CORTOSONE,09H020,SUSP. BUV. GTTES.,Cliquez ici,B/30ML,Prod locale : Non,CORTIPRED 20MG COMP. EFFERV. B/20,ALGERIE,0 DA,DA
,https://www.pharmnet-dz.com//medic.aspx?id=2112,,BECLATE - NASAL,20A072,AERO.,Cliquez ici,FL./120DOSES,Prod locale : Non,"CARBOMEX 0,05 SOL BUV FL/150ML +GOBLET DOSEUR DE 150 ML",INDE,692 DA,N/A
,https://www.pharmnet-dz.com//medic.aspx?id=2059,,BECLATE,20A003,AERO.,Cliquez ici,FL/200DOSES,Prod locale : Non,"CARBOMEX 0,05 SOL BUV FL/150ML +GOBLET DOSEUR DE 150 ML",INDE,408 DA,DA
,https://www.pharmnet-dz.com//medic.aspx?id=2060,,BECLOJET,20A003,AERO.,Cliquez ici,FL/200DOSES,Prod locale : Non,"CARBOMEX 0,05 SOL BUV FL/150ML +GOBLET DOSEUR DE 150 ML",FRANCE,408 DA,DA
,https://www.pharmnet-dz.com//medic.aspx?id=2062,,BECONASE,20A004,SUSP.NAS.,Cliquez ici,FL/100DOSES,Prod locale : Non,"CARBOMEX 0,05 SOL BUV FL/150ML +GOBLET DOSEUR DE 150 ML",FRANCE,346 DA,N/A
,https://www.pharmnet-dz.com//medic.aspx?id=3903,,BEDELIX,10B088,PDRE. ORAL. RECT.,Cliquez ici,B/30 SACHETS,Prod locale : Oui,DIARFAN 10 mg Racécadotril PDRE.SOL.BUV 16 Sachets,FRANCE,387 DA,387.24 DA
,https://www.pharmnet-dz.com//medic.aspx?id=4418,,BEKERDIS,06E264,COMP.,Cliquez ici,B/30 ET B/90,Prod locale : Oui,AMLIBON 10MG COMP. B/30 ET B/90,ALGERIE,1290 DA,1290.00 DA
,https://www.pharmnet-dz.com//medic.aspx?id=3176,,BEKTAL,06E240,COMP. PELLI.,Cliquez ici,B/30,Prod locale : Oui,AMLIBON 10MG COMP. B/30 ET B/90,ALGERIE,1290 DA,1290 DA
,https://www.pharmnet-dz.com//medic.aspx?id=163,,BEKTAL,06E126,COMP. PELLI.,Cliquez ici,B/30,Prod locale : Oui,AMLIBON 10MG COMP. B/30 ET B/90,ALGERIE,1204 DA,1290 DA
,https://www.pharmnet-dz.com//medic.aspx?id=2041,,BENDAZOLE,19B006,COMP. A CROQ.,Cliquez ici,B/6,Prod locale : Non,ABAVIR  300 MG CP PELL B/1  PILULIER DE 60,JORDANIE,0 DA,N/A
,https://www.pharmnet-dz.com//medic.aspx?id=260,,BENZATHINE BENZYLPENICILLINE BIOCARE,13G061,PDRE. SOL. INJ.,Cliquez ici,B/01FL. DE PDRE. + 01AMP. DE 5ML DE SOLV.(EPPI) ET B/50FL. DE PDRE.,Prod locale : Oui,AMODEX-Gé 250MG/5ML PDRE. P. SUSP. BUV. FL/60ML,ALGERIE,0 DA,N/A
,https://www.pharmnet-dz.com//medic.aspx?id=1646,,BEPANTHENE,07B008,COMP.,Cliquez ici,B/20,Prod locale : Oui,ADAFERIN GEL DERMIQUE 0.1%,FRANCE,N/A,N/A
,https://www.pharmnet-dz.com//medic.aspx?id=1645,,BEPANTHENE,07B007,SOL. INJ.,Cliquez ici,B/06AMP. DE 2ML,Prod locale : Oui,ADAFERIN GEL DERMIQUE 0.1%,FRANCE,0 DA,DA
,https://www.pharmnet-dz.com//medic.aspx?id=4464,,BERLTHYROX,09K056,COMP. SEC.,Cliquez ici,B/50 ET B/100,Prod locale : Non,CORTIPRED 20MG COMP. EFFERV. B/20,ALLEMAGNE,0 DA,DA
,https://www.pharmnet-dz.com//medic.aspx?id=5900,,BERTOCIL,17C006,COLLY.,Cliquez ici,FL/5ML,Prod locale : Oui,CROPINE 0.5% COLLY. EN SOL. FL./10ML,ALLEMAGNE,182.01  DA,198.35  DA
,https://www.pharmnet-dz.com//medic.aspx?id=4607,,BETABIO,09H020,SUSP. BUV. GTTES.,Cliquez ici,B/ FL 30ML+PIPETTE GRADUEE,Prod locale : Non,CORTIPRED 20MG COMP. EFFERV. B/20,ALGERIE,0 DA,N/A
,https://www.pharmnet-dz.com//medic.aspx?id=4608,,BETABIO,09H133,COMP. DISPERS.,Cliquez ici,PILULIER DE 20,Prod locale : Non,CORTIPRED 20MG COMP. EFFERV. B/20,ALGERIE,0 DA,N/A
,https://www.pharmnet-dz.com//medic.aspx?id=6292,,BETACROVIS,09H020,SOL. BUV. GTTES.,Cliquez ici,B/1FL DE 40ML+ 01 PIPETTE GRADUEE à 80 GOUTTES,Prod locale : Non,CORTIPRED 20MG COMP. EFFERV. B/20,ALGERIE,N/A DA,204.67 DA
,https://www.pharmnet-dz.com//medic.aspx?id=5812,,CABERNEX,09D168,COMP.,Cliquez ici,B/08,Prod locale : Non,CORTIPRED 20MG COMP. EFFERV. B/20,ALGERIE,2190 DA,2190 DA
,https://www.pharmnet-dz.com//medic.aspx?id=3385,,CALCIAL,14G135,SIROP,Cliquez ici,FL/125ML,Prod locale : Oui,CALCIDOSE VITAMINE D 400UI/500MG/SACHET PDRE. ORALE  B/30 SACHETS,ALGERIE,N/A,189.00 DA
,https://www.pharmnet-dz.com//medic.aspx?id=3338,,CALCIBRO,14G027,COMP. EFFERV.,Cliquez ici,T/20,Prod locale : Oui,CALCIDOSE VITAMINE D 400UI/500MG/SACHET PDRE. ORALE  B/30 SACHETS,ALGERIE,0 DA,260.00 DA
,https://www.pharmnet-dz.com//medic.aspx?id=2339,,CALCIBRONAT,16G163,COMP. EFFERV.,Cliquez ici,B/20,Prod locale : Non,XEPLION 100MG/ML SUSP INJ LP B/01  SER PRE-REMP DE 0.75 ML(75 MG/0.75ML) ET 02 AIGUILLES,FRANCE,0 DA,428.00 DA
,https://www.pharmnet-dz.com//medic.aspx?id=3343,,CALCIDOSE,14G029,PDRE. SUSP. BUV.,Cliquez ici,B/30,Prod locale : Oui,CALCIDOSE VITAMINE D 400UI/500MG/SACHET PDRE. ORALE  B/30 SACHETS,ALGERIE,232.5 DA,N/A
,https://www.pharmnet-dz.com//medic.aspx?id=6112,,CALCIDOSE VITAMINE D,14H325,PDRE.,Cliquez ici,B/30 SACHETS,Prod locale : Oui,CALCIUM D3 WML 500 MG / 400 UI,ALGERIE,405 DA,400.00 DA
,https://www.pharmnet-dz.com//medic.aspx?id=3463,,CALCIDOSE VITAMINE D,14H325,PDRE.,Cliquez ici,B/30 SACHETS,Prod locale : Oui,CALCIDOSE VITAMINE D 400UI/500MG/SACHET PDRE. ORALE  B/30 SACHETS,ALGERIE,405 DA,N/A
,https://www.pharmnet-dz.com//medic.aspx?id=3386,,CALCIFOR,14G135,SIROP,Cliquez ici,FL/125ML,Prod locale : Oui,CALCIDOSE VITAMINE D 400UI/500MG/SACHET PDRE. ORALE  B/30 SACHETS,ALGERIE,138 DA,260.00 DA
,https://www.pharmnet-dz.com//medic.aspx?id=6306,,CALCIPOTRIOL Novagenerics®,07L099,PDE. DERM.,Cliquez ici,tube/30 g,Prod locale : Oui,ADAFERIN GEL DERMIQUE 0.1%,ALGERIE,"982,83 DA","982,83 DA"
,https://www.pharmnet-dz.com//medic.aspx?id=3408,,CALCIUM API,14G315,COMP. EFFERV.,Cliquez ici,FL./20,Prod locale : Oui,CALCIDOSE VITAMINE D 400UI/500MG/SACHET PDRE. ORALE  B/30 SACHETS,ALGERIE,155 DA,189.00 DA
,https://www.pharmnet-dz.com//medic.aspx?id=3340,,CALCIUM CHLORURE,14G028,SOL. INJ.,Cliquez ici,AMP. DE 5ML ET AMP. DE 10ML,Prod locale : Oui,CALCIDOSE VITAMINE D 400UI/500MG/SACHET PDRE. ORALE  B/30 SACHETS,TUNISIE,0 DA,DA
,https://www.pharmnet-dz.com//medic.aspx?id=3339,,CALCIUM CHLORURE,14G028,SOL. INJ.,Cliquez ici,B/100AMP. DE 10ML,Prod locale : Oui,CALCIDOSE VITAMINE D 400UI/500MG/SACHET PDRE. ORALE  B/30 SACHETS,FRANCE,N/A,N/A
,https://www.pharmnet-dz.com//medic.aspx?id=5869,,CALCIUM D3 NOVAGENERICS,14G175,COMP. A SUCER,Cliquez ici,PILULIER DE 60,Prod locale : Oui,CALCIDOSE VITAMINE D 400UI/500MG/SACHET PDRE. ORALE  B/30 SACHETS,ALGERIE,810 DA,DA
,https://www.pharmnet-dz.com//medic.aspx?id=5868,,CALCIUM D3 SOPHAL,14G175,COMP. A SUCER,Cliquez ici,B/60,Prod locale : Oui,CALCIDOSE VITAMINE D 400UI/500MG/SACHET PDRE. ORALE  B/30 SACHETS,ALGERIE,810 DA,DA
,https://www.pharmnet-dz.com//medic.aspx?id=6264,,CALCIUM D3 WML,14H334,COMP. A SUCER,Cliquez ici,60,Prod locale : Oui,CALCIDOSE VITAMINE D 400UI/500MG/SACHET PDRE. ORALE  B/30 SACHETS,ALGERIE,"810,00 DA",DA
,https://www.pharmnet-dz.com//medic.aspx?id=1760,,CALCIUM FOLINAT EBEWE,12E031,GLES.,Cliquez ici,B/20,Prod locale : Oui,ADCETRIS 50 MG / ML  POUDRE POUR SOLUTION A DILUER POUR PERFUSION  B/01 FLACON,AUTRICHE,N/A,N/A
,https://www.pharmnet-dz.com//medic.aspx?id=30,,CALCIUM FOLINATE EBEWE,05H132,SOL. INJ.,Cliquez ici,B/5AMP. DE 5ML,Prod locale : Non,5-FLUOROURACIL EBEWE 50MG/ML**  (OU 250MG/5ML -  500MG/10ML -  1000MG/20ML) SOL INJ B/5 AMP. DE 5ML  -  B/1FL DE 10ML  -  B/1FL. DE 20ML),AUTRICHE,N/A,N/A
,https://www.pharmnet-dz.com//medic.aspx?id=3341,,CALCIUM HYSA,14G029,PDRE. SUSP. BUV.,Cliquez ici,B/30,Prod locale : Oui,CALCIDOSE VITAMINE D 400UI/500MG/SACHET PDRE. ORALE  B/30 SACHETS,ALGERIE,232.5 DA,DA
,https://www.pharmnet-dz.com//medic.aspx?id=4673,,CALCIUM NOVAGENERICS,14G141,COMP. A SUCER,Cliquez ici,B/60,Prod locale : Oui,CALCIDOSE VITAMINE D 400UI/500MG/SACHET PDRE. ORALE  B/30 SACHETS,ALGERIE,465 DA,DA
,https://www.pharmnet-dz.com//medic.aspx?id=3384,,CALCIUM SANDOZ,14G104,PDRE. SOL. BUV.,Cliquez ici,B/30,Prod locale : Oui,CALCIDOSE VITAMINE D 400UI/500MG/SACHET PDRE. ORALE  B/30 SACHETS,FRANCE,233 DA,405.25 DA
,https://www.pharmnet-dz.com//medic.aspx?id=3344,,CALCIUM SANDOZ,14G035,COMP. EFFERV.,Cliquez ici,B/20,Prod locale : Oui,CALCIDOSE VITAMINE D 400UI/500MG/SACHET PDRE. ORALE  B/30 SACHETS,FRANCE,155 DA,260.86 DA
,https://www.pharmnet-dz.com//medic.aspx?id=1406,,CALCO,21C012,SOL. INJ.,Cliquez ici,B/5AMP. DE 1ML,Prod locale : Oui,ACTEMRA   20MG/ML/FLACON  CONCENTRE POUR SOLUTION A DILUER POUR PERFUSION IV  BOITE DE 1 FLACON DE  20ml( 400 mg/20ml),ITALIE,0 DA,N/A
,https://www.pharmnet-dz.com//medic.aspx?id=1405,,CALCO,21C011,SOL. INJ.,Cliquez ici,B/5AMP. DE 1ML,Prod locale : Oui,ACTEMRA   20MG/ML/FLACON  CONCENTRE POUR SOLUTION A DILUER POUR PERFUSION IV  BOITE DE 1 FLACON DE  20ml( 400 mg/20ml),ITALIE,990 DA,990.17 DA
,https://www.pharmnet-dz.com//medic.aspx?id=4566,,CALMOFEN,04B042,SUSP. BUV.,Cliquez ici,FL 125ML+PIPETTE GRADUEE EN KG,Prod locale : Oui,APONIL 100MG COMP. SEC. B/20,ALGERIE,123 DA,N/A
,https://www.pharmnet-dz.com//medic.aspx?id=4521,,CALMOFEN,04B010,COMP. PELLI.,Cliquez ici,B/20,Prod locale : Oui,APONIL 100MG COMP. SEC. B/20,ALGERIE,157 DA,N/A
,https://www.pharmnet-dz.com//medic.aspx?id=5805,,CALMOZINC,07A130,PDE.,Cliquez ici,T/30G,Prod locale : Oui,ADAFERIN GEL DERMIQUE 0.1%,ALGERIE,0 DA,DA
,https://www.pharmnet-dz.com//medic.aspx?id=3388,,CALPEROS,14G141,COMP.,Cliquez ici,B/60,Prod locale : Oui,CALCIDOSE VITAMINE D 400UI/500MG/SACHET PDRE. ORALE  B/30 SACHETS,FRANCE,465 DA,DA
,https://www.pharmnet-dz.com//medic.aspx?id=1272,,CAMPHOBIOTIC ADULTE,20C063,SUPPO.,Cliquez ici,B/08,Prod locale : Non,"CARBOMEX 0,05 SOL BUV FL/150ML +GOBLET DOSEUR DE 150 ML",ALGERIE,N/A,N/A
,https://www.pharmnet-dz.com//medic.aspx?id=2171,,CAMPHOBIOTIC ENFANT,20C062,SUPPO.,Cliquez ici,B/08,Prod locale : Non,"CARBOMEX 0,05 SOL BUV FL/150ML +GOBLET DOSEUR DE 150 ML",ALGERIE,N/A,N/A
,https://www.pharmnet-dz.com//medic.aspx?id=2170,,CAMPHOBIOTIC NOURRISSON,20C061,SUPPO.,Cliquez ici,B/08,Prod locale : Non,"CARBOMEX 0,05 SOL BUV FL/150ML +GOBLET DOSEUR DE 150 ML",ALGERIE,N/A,N/A
,https://www.pharmnet-dz.com//medic.aspx?id=1002,,CAMPTO,05A076,SOL. INJ.,Cliquez ici,B/1FL/ 2ML (40MG/2ML) ET  B/1FL./5ML (100MG/5ML),Prod locale : Non,5-FLUOROURACIL EBEWE 50MG/ML**  (OU 250MG/5ML -  500MG/10ML -  1000MG/20ML) SOL INJ B/5 AMP. DE 5ML  -  B/1FL DE 10ML  -  B/1FL. DE 20ML),FRANCE,0 DA,DA
,https://www.pharmnet-dz.com//medic.aspx?id=3579,,CANCIDAS,13R285,PDRE. SOL. INJ.,Cliquez ici,B/1FL. DE PDRE.,Prod locale : Oui,AMODEX-Gé 250MG/5ML PDRE. P. SUSP. BUV. FL/60ML,ROYAUME UNI,0 DA,DA
,https://www.pharmnet-dz.com//medic.aspx?id=3154,,CANDERAX,06E234,COMP. SEC.,Cliquez ici,B/30,Prod locale : Oui,AMLIBON 10MG COMP. B/30 ET B/90,ALGERIE,1290 DA,1290.00 DA
,https://www.pharmnet-dz.com//medic.aspx?id=3107,,CANDERAX,06E197,COMP. SEC.,Cliquez ici,B/30,Prod locale : Oui,AMLIBON 10MG COMP. B/30 ET B/90,ALGERIE,1290 DA,1290.00 DA
,https://www.pharmnet-dz.com//medic.aspx?id=3149,,CANDERAX PLUS,06E231,COMP. SEC.,Cliquez ici,B/30,Prod locale : Oui,AMLIBON 10MG COMP. B/30 ET B/90,ALGERIE,1739 DA,1738.00 DA
,https://www.pharmnet-dz.com//medic.aspx?id=3145,,CANDERAX PLUS,06E230,COMP. SEC.,Cliquez ici,B/30,Prod locale : Oui,AMLIBON 10MG COMP. B/30 ET B/90,ALGERIE,1630 DA,1290.00 DA
,https://www.pharmnet-dz.com//medic.aspx?id=1688,,CANESTEN,07D024,CRÈME,Cliquez ici,T/30G,Prod locale : Oui,ADAFERIN GEL DERMIQUE 0.1%,ESPAGNE,0 DA,DA
,https://www.pharmnet-dz.com//medic.aspx?id=6026,,DACLA,13P486,COMP. PELLI.,Cliquez ici,B/28,Prod locale : Oui,AMODEX-Gé 250MG/5ML PDRE. P. SUSP. BUV. FL/60ML,ALGERIE,00 DA,DA
,https://www.pharmnet-dz.com//medic.aspx?id=1962,,DACRYOSERUM,17E037,COLLY.,Cliquez ici,FL/150 ML ET B/20RECIPIENTS UNIDOSES DE 5ML,Prod locale : Oui,CROPINE 0.5% COLLY. EN SOL. FL./10ML,FRANCE,N/A,237.00 DA
,https://www.pharmnet-dz.com//medic.aspx?id=2341,,DADCROME,17B003,COLLY. SOL.,Cliquez ici,F/10ML,Prod locale : Oui,CROPINE 0.5% COLLY. EN SOL. FL./10ML,ALGERIE,159 DA,N/A
,https://www.pharmnet-dz.com//medic.aspx?id=1928,,DADCROME,22C006,SOL. NAS.,Cliquez ici,F/10ML,Prod locale : Oui,"AVAMYS 27,50µG/DOSE SUSP. P. PULV. NAS. FL./120DOSES",ALGERIE,159 DA,N/A
,https://www.pharmnet-dz.com//medic.aspx?id=4167,,DAFALGAN CODEINE,03B028,COMP. PELLI.,Cliquez ici,B/16,Prod locale : Oui,ATP NOVAGENERICS  30MG GLES.  B/30,FRANCE,109 DA,N/A
,https://www.pharmnet-dz.com//medic.aspx?id=1519,,DAFLON,06K108,COMP.,Cliquez ici,B/30,Prod locale : Oui,AMLIBON 10MG COMP. B/30 ET B/90,FRANCE,N/A,N/A
,https://www.pharmnet-dz.com//medic.aspx?id=1530,,DAFLON,06K199,COMP. ENRO.,Cliquez ici,B/15  ET  B/30,Prod locale : Oui,AMLIBON 10MG COMP. B/30 ET B/90,FRANCE,0 DA,N/A
,https://www.pharmnet-dz.com//medic.aspx?id=5778,,DAGHTAN,06F069,COMP. SEC.,Cliquez ici,B/30,Prod locale : Oui,AMLIBON 10MG COMP. B/30 ET B/90,ALGERIE,317 DA,DA
,https://www.pharmnet-dz.com//medic.aspx?id=5779,,DAGHTAN,06F149,COMP.,Cliquez ici,B/30,Prod locale : Oui,AMLIBON 10MG COMP. B/30 ET B/90,ALGERIE,245 DA,DA
,https://www.pharmnet-dz.com//medic.aspx?id=568,,DAIVOBET,07S152,PDE. DERM.,Cliquez ici,T/60G,Prod locale : Oui,ADAFERIN GEL DERMIQUE 0.1%,SUISSE,4443 DA,N/A
,https://www.pharmnet-dz.com//medic.aspx?id=534,,DAIVONEX,07L106,CRÈME,Cliquez ici,T/30G,Prod locale : Oui,ADAFERIN GEL DERMIQUE 0.1%,FRANCE,0 DA,DA
,https://www.pharmnet-dz.com//medic.aspx?id=535,,DAIVONEX,07L107,LOTION,Cliquez ici,FL/60ML,Prod locale : Oui,ADAFERIN GEL DERMIQUE 0.1%,FRANCE,0 DA,1306.00 DA
,https://www.pharmnet-dz.com//medic.aspx?id=533,,DAIVONEX,07L099,PDE. DERM.,Cliquez ici,T/30G,Prod locale : Oui,ADAFERIN GEL DERMIQUE 0.1%,FRANCE,1332.11 DA,N/A
,https://www.pharmnet-dz.com//medic.aspx?id=1240,,DAKIN COOPER STABILISE,26B014,SOL. EXTERNE,Cliquez ici,FL./250ML,Prod locale : Oui,ALCOOL CHIRURGICAL 70° SOL. USAGE EXTERNE FL./100ML,FRANCE,0 DA,DA
,https://www.pharmnet-dz.com//medic.aspx?id=1241,,DAKIN RPP,26B014,SOL. EXTERNE,Cliquez ici,FL/500ML,Prod locale : Oui,ALCOOL CHIRURGICAL 70° SOL. USAGE EXTERNE FL./100ML,ALGERIE,N/A,N/A
,https://www.pharmnet-dz.com//medic.aspx?id=5922,,DAKTAZOL,23D037,GEL,Cliquez ici,T/40G,Prod locale : Oui,DAKTARIN 2G% GEL BUCCAL T/40G,ALGERIE,0 DA,N/A
,https://www.pharmnet-dz.com//medic.aspx?id=5864,,DALVEX,14A342,COMP.,Cliquez ici,B/30,Prod locale : Oui,CALCIDOSE VITAMINE D 400UI/500MG/SACHET PDRE. ORALE  B/30 SACHETS,ALGERIE,00 DA,DA
,https://www.pharmnet-dz.com//medic.aspx?id=613,,DANATROL,09C005,GLES.,Cliquez ici,BT/100,Prod locale : Non,CORTIPRED 20MG COMP. EFFERV. B/20,FRANCE,0 DA,0 DA
,https://www.pharmnet-dz.com//medic.aspx?id=472,,DANDREX,07D141,SHAMPOING,Cliquez ici,FL/100ML,Prod locale : Oui,ADAFERIN GEL DERMIQUE 0.1%,PALESTINE,458 DA,DA
,https://www.pharmnet-dz.com//medic.aspx?id=3612,,DAONIL,14A003,COMP. SEC.,Cliquez ici,B/20,Prod locale : Oui,CALCIDOSE VITAMINE D 400UI/500MG/SACHET PDRE. ORALE  B/30 SACHETS,ALGERIE,37 DA,DA
,https://www.pharmnet-dz.com//medic.aspx?id=5764,,DARTIX,06E258,COMP. PELLI.,Cliquez ici,B/30,Prod locale : Oui,AMLIBON 10MG COMP. B/30 ET B/90,ALGERIE,1500 DA,DA
,https://www.pharmnet-dz.com//medic.aspx?id=1095,,DAUNOTEC,05G014,LYOPH. SOL. INJ.,Cliquez ici,"B/01 FL. DE LYOPHILISAT + 01 FL. DE 10ML DE SOLVANT (NACL 0,9%)",Prod locale : Non,5-FLUOROURACIL EBEWE 50MG/ML**  (OU 250MG/5ML -  500MG/10ML -  1000MG/20ML) SOL INJ B/5 AMP. DE 5ML  -  B/1FL DE 10ML  -  B/1FL. DE 20ML),INDE,N/A,N/A
,https://www.pharmnet-dz.com//medic.aspx?id=4348,,DEBRICALM,10F095,SUPPO.,Cliquez ici,B/10,Prod locale : Oui,DIARFAN 10 mg Racécadotril PDRE.SOL.BUV 16 Sachets,ALGERIE,128 DA,N/A
,https://www.pharmnet-dz.com//medic.aspx?id=2896,,DEBRIDAT,10F052,PDRE. SUSP. BUV.,Cliquez ici,FL/250ML,Prod locale : Oui,DIARFAN 10 mg Racécadotril PDRE.SOL.BUV 16 Sachets,FRANCE,301.29 DA,N/A
,https://www.pharmnet-dz.com//medic.aspx?id=2888,,DEBRIDAT,10F051,COMP. PELLI.,Cliquez ici,B/20,Prod locale : Oui,DIARFAN 10 mg Racécadotril PDRE.SOL.BUV 16 Sachets,ALGERIE,273 DA,181.00 DA
,https://www.pharmnet-dz.com//medic.aspx?id=2910,,DEBRIDAT,10F193,COMP. PELLI.,Cliquez ici,B/30,Prod locale : Oui,DIARFAN 10 mg Racécadotril PDRE.SOL.BUV 16 Sachets,ALGERIE,273 DA,DA
,https://www.pharmnet-dz.com//medic.aspx?id=621,,DECA-DURABOLIN,09F082,SOL. INJ.,Cliquez ici,B/1AMP DE 1ML,Prod locale : Non,CORTIPRED 20MG COMP. EFFERV. B/20,Commercialisation:,0 DA,264.00 DA
,https://www.pharmnet-dz.com//medic.aspx?id=1073,,DECAPEPTYL  L.P.,05E140,PDRE. SOL. INJ.,Cliquez ici,B/01FL. DE PDRE + 01AMP. DE DE 2ML DE SOLVT. + SERINGUE + 02 AIGUILLES,Prod locale : Non,5-FLUOROURACIL EBEWE 50MG/ML**  (OU 250MG/5ML -  500MG/10ML -  1000MG/20ML) SOL INJ B/5 AMP. DE 5ML  -  B/1FL DE 10ML  -  B/1FL. DE 20ML),FRANCE,0 DA,DA
,https://www.pharmnet-dz.com//medic.aspx?id=3788,,"DECAPEPTYL LP 3,75MG",09J053,PDRE. SOL. INJ.,Cliquez ici,B/01FL. DE PDRE. + 01 AMP. DE SOLV. (MANNITOL) DE 2ML + 02 AIGUILLES + 01 SERINGUE,Prod locale : Non,CORTIPRED 20MG COMP. EFFERV. B/20,BELGIQUE,0 DA,13681.00 DA
,https://www.pharmnet-dz.com//medic.aspx?id=3420,,DEDROGYL,14H092,SOL. BUV. GTTES.,Cliquez ici,FL./10ML,Prod locale : Oui,CALCIDOSE VITAMINE D 400UI/500MG/SACHET PDRE. ORALE  B/30 SACHETS,FRANCE,0 DA,665.00 DA
,https://www.pharmnet-dz.com//medic.aspx?id=1146,,DEFEROX,24D017,COMP.,Cliquez ici,B/30,Prod locale : Non,KAPTIRON 125MG COMP. DISPERS.  B/90,ALGERIE,N/A,N/A
,https://www.pharmnet-dz.com//medic.aspx?id=1148,,DEFEROX,24D018,COMP. DISPERS.,Cliquez ici,B/30,Prod locale : Non,KAPTIRON 125MG COMP. DISPERS.  B/90,ALGERIE,N/A,N/A
,https://www.pharmnet-dz.com//medic.aspx?id=1150,,DEFEROX,24D019,COMP. DISPERS.,Cliquez ici,B/30,Prod locale : Non,KAPTIRON 125MG COMP. DISPERS.  B/90,ALGERIE,N/A,N/A
,https://www.pharmnet-dz.com//medic.aspx?id=1370,,DEFLAMAC,21A004,GEL DERM.,Cliquez ici,T/50G,Prod locale : Oui,ACTEMRA   20MG/ML/FLACON  CONCENTRE POUR SOLUTION A DILUER POUR PERFUSION IV  BOITE DE 1 FLACON DE  20ml( 400 mg/20ml),ALGERIE,145.00 DA,159.55 DA
,https://www.pharmnet-dz.com//medic.aspx?id=632,,DEFLAMBETA,09H019,COMP.,Cliquez ici,B/30,Prod locale : Non,CORTIPRED 20MG COMP. EFFERV. B/20,ITALIE,0 DA,N/A
,https://www.pharmnet-dz.com//medic.aspx?id=5923,,DEKTAGEL,23D037,GEL,Cliquez ici,T/40G,Prod locale : Oui,DAKTARIN 2G% GEL BUCCAL T/40G,ALGERIE,314.50 DA,314.50 DA
,https://www.pharmnet-dz.com//medic.aspx?id=3207,,DELAKET,06E268,COMP.,Cliquez ici,B/28,Prod locale : Oui,AMLIBON 10MG COMP. B/30 ET B/90,ITALIE,N/A,N/A
,https://www.pharmnet-dz.com//medic.aspx?id=4469,,DEMENTILE,15F075,COMP. PELLI.,Cliquez ici,B/30,Prod locale : Oui,"DOPREXOL 0,375 MG COMPRIME A LIBERATION PROLONGEE B/30",ALGERIE,4350 DA,DA
,https://www.pharmnet-dz.com//medic.aspx?id=6067,,DEMENTILE,15F074,COMP. PELLI.,Cliquez ici,B/30,Prod locale : Oui,"DOPREXOL 0,375 MG COMPRIME A LIBERATION PROLONGEE B/30",ALGERIE,4050 DA,DA
,https://www.pharmnet-dz.com//medic.aspx?id=5837,,EASYLACT,10L062,SOL. BUV.,Cliquez ici,200ML,Prod locale : Oui,DIARFAN 10 mg Racécadotril PDRE.SOL.BUV 16 Sachets,ALGERIE,172 DA,DA
,https://www.pharmnet-dz.com//medic.aspx?id=1263,,EAU OXYGENE 30V,26B040,SOL. EXTERNE,Cliquez ici,FL./1000ML,Prod locale : Oui,ALCOOL CHIRURGICAL 70° SOL. USAGE EXTERNE FL./100ML,ALGERIE,N/A,N/A
,https://www.pharmnet-dz.com//medic.aspx?id=1243,,EAU OXYGENEE,26B015,SOL. APP. LOCALE,Cliquez ici,FL/100ML,Prod locale : Oui,ALCOOL CHIRURGICAL 70° SOL. USAGE EXTERNE FL./100ML,ALGERIE,0 DA,N/A
,https://www.pharmnet-dz.com//medic.aspx?id=1244,,EAU OXYGENEE 10V,26B015,SOL. APP. LOCALE,Cliquez ici,FL./1L,Prod locale : Oui,ALCOOL CHIRURGICAL 70° SOL. USAGE EXTERNE FL./100ML,ALGERIE,0 DA,N/A
,https://www.pharmnet-dz.com//medic.aspx?id=1242,,EAU OXYGENEE,26B015,SOL. APP. LOCALE,Cliquez ici,F/60ML,Prod locale : Oui,ALCOOL CHIRURGICAL 70° SOL. USAGE EXTERNE FL./100ML,ALGERIE,0 DA,N/A
,https://www.pharmnet-dz.com//medic.aspx?id=1245,,EAU OXYGENEE GIFRER,26B015,SOL. APP. LOCALE,Cliquez ici,250,Prod locale : Oui,ALCOOL CHIRURGICAL 70° SOL. USAGE EXTERNE FL./100ML,FRANCE,0 DA,DA
,https://www.pharmnet-dz.com//medic.aspx?id=1246,,EAU OXYGENEE OFFICINALE,26B015,SOL. APP. LOCALE,Cliquez ici,FL/1L,Prod locale : Oui,ALCOOL CHIRURGICAL 70° SOL. USAGE EXTERNE FL./100ML,ALGERIE,N/A,N/A
,https://www.pharmnet-dz.com//medic.aspx?id=3402,,EAU POUR PREPARATION INJECTABLE,14G184,…,Cliquez ici,B/50 AMP. de 3ML,Prod locale : Oui,CALCIDOSE VITAMINE D 400UI/500MG/SACHET PDRE. ORALE  B/30 SACHETS,ALGERIE,N/A,N/A
,https://www.pharmnet-dz.com//medic.aspx?id=3403,,EAU POUR PREPARATION INJECTABLE,14G185,…,Cliquez ici,B/50 AMP. de 5ML,Prod locale : Oui,CALCIDOSE VITAMINE D 400UI/500MG/SACHET PDRE. ORALE  B/30 SACHETS,ALGERIE,N/A,N/A
,https://www.pharmnet-dz.com//medic.aspx?id=6160,,EAU POUR PREPARATION INJECTABLE BIOTHERA,14G185,SOL. INJ.,Cliquez ici,B/50 AMP. DE 5ML,Prod locale : Oui,CALCIDOSE VITAMINE D 400UI/500MG/SACHET PDRE. ORALE  B/30 SACHETS,ALGERIE,---- DA,DA
,https://www.pharmnet-dz.com//medic.aspx?id=3349,,EAU POUR PREPARATIONS INJECTABLES,14G042,…,Cliquez ici,FL/500 ML,Prod locale : Oui,CALCIDOSE VITAMINE D 400UI/500MG/SACHET PDRE. ORALE  B/30 SACHETS,ALGERIE,N/A,N/A
,https://www.pharmnet-dz.com//medic.aspx?id=3404,,EAU POUR PREPARATIONS INJECTABLES RAZES,14G185,…,Cliquez ici,BT/ 1 Flacon 500ml,Prod locale : Oui,CALCIDOSE VITAMINE D 400UI/500MG/SACHET PDRE. ORALE  B/30 SACHETS,ALGERIE,** DA,DA
,https://www.pharmnet-dz.com//medic.aspx?id=3347,,EAU. P. PREPARAT. INJ. STERILE APYROGENE,14G039,SOL. INJ.,Cliquez ici,B/100 AMP. DE 10ML,Prod locale : Oui,CALCIDOSE VITAMINE D 400UI/500MG/SACHET PDRE. ORALE  B/30 SACHETS,FRANCE,N/A,N/A
,https://www.pharmnet-dz.com//medic.aspx?id=3348,,EAU. P. PREPARAT. INJ. STERILE APYROGENE,14G040,SOL. INJ.,Cliquez ici,B/50AMP. DE 20ML,Prod locale : Oui,CALCIDOSE VITAMINE D 400UI/500MG/SACHET PDRE. ORALE  B/30 SACHETS,FRANCE,N/A,N/A
,https://www.pharmnet-dz.com//medic.aspx?id=1649,,ECLARAN,07B013,GEL. DERM.,Cliquez ici,T/15G,Prod locale : Oui,ADAFERIN GEL DERMIQUE 0.1%,FRANCE,168.75 DA,N/A
,https://www.pharmnet-dz.com//medic.aspx?id=1652,,ECLARAN,07B014,GEL. DERM.,Cliquez ici,T/45G,Prod locale : Oui,ADAFERIN GEL DERMIQUE 0.1%,FRANCE,183.15 DA,DA
,https://www.pharmnet-dz.com//medic.aspx?id=1695,,ECOMI,07D026,LAIT DERMIQUE,Cliquez ici,FL/30ML,Prod locale : Oui,ADAFERIN GEL DERMIQUE 0.1%,ITALIE,125 DA,N/A
,https://www.pharmnet-dz.com//medic.aspx?id=6204,,ECONAZOLE LDM,07D025,CRÈME,Cliquez ici,T/30G,Prod locale : Oui,ADAFERIN GEL DERMIQUE 0.1%,ALGERIE,120 DA,DA
,https://www.pharmnet-dz.com//medic.aspx?id=1696,,ECONAZOLE NOVAGENERICS,07D026,LAIT DERMIQUE,Cliquez ici,FL./30ML,Prod locale : Oui,ADAFERIN GEL DERMIQUE 0.1%,ALGERIE,"125,00 DA","240,00 DA"
,https://www.pharmnet-dz.com//medic.aspx?id=1692,,ECONAZYL,07D025,CRÈME,Cliquez ici,T/30G,Prod locale : Oui,ADAFERIN GEL DERMIQUE 0.1%,ALGERIE,120 DA,N/A
,https://www.pharmnet-dz.com//medic.aspx?id=3001,,ECOVAR,11A001,OVULE,Cliquez ici,B/03,Prod locale : Non,"DESIRETT 0,075MG COMP. PELL B/28",ALGERIE,169.8 DA,N/A
,https://www.pharmnet-dz.com//medic.aspx?id=6299,,ECZECORT®,07H118,CRÈME,Cliquez ici,Tube de 30g,Prod locale : Oui,ADAFERIN GEL DERMIQUE 0.1%,ALGERIE,"235,00 DA","235,00 DA"
,https://www.pharmnet-dz.com//medic.aspx?id=1217,,EDEX,25N034,PDRE. INJ.,Cliquez ici,B/2 CARTOUCHE BI-COMPARTIMENT DE 1ML,Prod locale : Oui,ERECTA 50MG   COMPRIME PELLICULE  B/10,FRANCE,0 DA,N/A
,https://www.pharmnet-dz.com//medic.aspx?id=1216,,EDEX,25N035,PDRE. INJ.,Cliquez ici,B/2 CARTOUCHE BI-COMPARTIMENT DE 1ML,Prod locale : Oui,ERECTA 50MG   COMPRIME PELLICULE  B/10,FRANCE,0 DA,N/A
,https://www.pharmnet-dz.com//medic.aspx?id=445,,EFAVIR,13P287,COMP. PELLI.,Cliquez ici,PILULIER DE 30,Prod locale : Oui,AMODEX-Gé 250MG/5ML PDRE. P. SUSP. BUV. FL/60ML,INDE,N/A,N/A
,https://www.pharmnet-dz.com//medic.aspx?id=6194,,EFFERALGAN,03B080,COMP. EFFERV.,Cliquez ici,B/08,Prod locale : Oui,ATP NOVAGENERICS  30MG GLES.  B/30,ALGERIE,40 DA,DA
,https://www.pharmnet-dz.com//medic.aspx?id=4135,,EFFERALGAN,03B005,COMP.,Cliquez ici,B/16,Prod locale : Oui,ATP NOVAGENERICS  30MG GLES.  B/30,ALGERIE,40 DA,N/A
,https://www.pharmnet-dz.com//medic.aspx?id=2617,,EFFERALGAN PEDIATRIQUE,03B061,SOL. BUV.,Cliquez ici,FL/90ML,Prod locale : Oui,ATP NOVAGENERICS  30MG GLES.  B/30,ALGERIE,73 DA,N/A
,https://www.pharmnet-dz.com//medic.aspx?id=4168,,EFFERALGAN VITAMINE C,03B034,COMP. EFFERV.,Cliquez ici,B/20,Prod locale : Oui,ATP NOVAGENERICS  30MG GLES.  B/30,FRANCE,N/A,N/A
,https://www.pharmnet-dz.com//medic.aspx?id=2657,,EFFERALGAN VITAMINE C,03B118,COMP. EFFERV.,Cliquez ici,B/16,Prod locale : Oui,ATP NOVAGENERICS  30MG GLES.  B/30,ALGERIE,0 DA,70.00 DA
,https://www.pharmnet-dz.com//medic.aspx?id=2575,,EFFEXOR LP,16A125,GLES. LP,Cliquez ici,B/30,Prod locale : Non,XEPLION 100MG/ML SUSP INJ LP B/01  SER PRE-REMP DE 0.75 ML(75 MG/0.75ML) ET 02 AIGUILLES,FRANCE,0 DA,DA
,https://www.pharmnet-dz.com//medic.aspx?id=512,,EFFICORT HYDROPHILE,07H118,CRÈME,Cliquez ici,T/30G,Prod locale : Oui,ADAFERIN GEL DERMIQUE 0.1%,FRANCE,0 DA,240.00 DA
,https://www.pharmnet-dz.com//medic.aspx?id=4265,,EFFUCINE,07C016,PDE. DERM.,Cliquez ici,T./15G,Prod locale : Oui,ADAFERIN GEL DERMIQUE 0.1%,ALGERIE,DA,N/A
,https://www.pharmnet-dz.com//medic.aspx?id=394,,FACTIVE,13K334,COMP. PELLI.,Cliquez ici,B/05,Prod locale : Oui,AMODEX-Gé 250MG/5ML PDRE. P. SUSP. BUV. FL/60ML,JORDANIE,N/A,2518.00 DA
,https://www.pharmnet-dz.com//medic.aspx?id=2056,,FAGYX,19D026,COMP. PELLI.,Cliquez ici,B/4,Prod locale : Non,ABAVIR  300 MG CP PELL B/1  PILULIER DE 60,ALGERIE,0 DA,200.00 DA
,https://www.pharmnet-dz.com//medic.aspx?id=6013,,FALCICARE,19C032,PDRE. SOL. INJ.,Cliquez ici,B/ 01FL PDR DE 5ML + 01 AMP DE 01ML DE  BICARBONATE DE SDIUM BP 5%  (IM) + 01 AMP DE  5ML DE CHLORIDE DE SODIUM  BP 0.9% (IV),Prod locale : Oui,AMODEX-Gé 250MG/5ML PDRE. P. SUSP. BUV. FL/60ML,INDE,00 DA,DA
,https://www.pharmnet-dz.com//medic.aspx?id=1091,,FAMISAS,05G009,PDRE. SOL. INJ.,Cliquez ici,B/1FL. DE PDRE.,Prod locale : Non,5-FLUOROURACIL EBEWE 50MG/ML**  (OU 250MG/5ML -  500MG/10ML -  1000MG/20ML) SOL INJ B/5 AMP. DE 5ML  -  B/1FL DE 10ML  -  B/1FL. DE 20ML),ALGERIE,N/A,N/A
,https://www.pharmnet-dz.com//medic.aspx?id=1093,,FAMISAS,05G010,PDRE. SOL. INJ.,Cliquez ici,B/1FL. DE PDRE.,Prod locale : Non,5-FLUOROURACIL EBEWE 50MG/ML**  (OU 250MG/5ML -  500MG/10ML -  1000MG/20ML) SOL INJ B/5 AMP. DE 5ML  -  B/1FL DE 10ML  -  B/1FL. DE 20ML),ALGERIE,N/A,N/A
,https://www.pharmnet-dz.com//medic.aspx?id=970,,FAMISAS,05A011,COMP.,Cliquez ici,B/50,Prod locale : Non,5-FLUOROURACIL EBEWE 50MG/ML**  (OU 250MG/5ML -  500MG/10ML -  1000MG/20ML) SOL INJ B/5 AMP. DE 5ML  -  B/1FL DE 10ML  -  B/1FL. DE 20ML),ALGERIE,N/A,N/A
,https://www.pharmnet-dz.com//medic.aspx?id=893,,FAMOXYL,13G046,PDRE. SUSP. BUV.,Cliquez ici,FL/60ML,Prod locale : Oui,AMODEX-Gé 250MG/5ML PDRE. P. SUSP. BUV. FL/60ML,ALGERIE,132 DA,N/A
,https://www.pharmnet-dz.com//medic.aspx?id=228,,FAMOXYL,13G047,PDRE. SUSP. BUV.,Cliquez ici,FL/60ML,Prod locale : Oui,AMODEX-Gé 250MG/5ML PDRE. P. SUSP. BUV. FL/60ML,ALGERIE,132 DA,N/A
,https://www.pharmnet-dz.com//medic.aspx?id=886,,FAMOXYL,13G045,GLES.,Cliquez ici,B/12,Prod locale : Oui,AMODEX-Gé 250MG/5ML PDRE. P. SUSP. BUV. FL/60ML,ALGERIE,139.32 DA,N/A
,https://www.pharmnet-dz.com//medic.aspx?id=303,,FAMOXYL,13G220,PDRE. SOL. BUV.,Cliquez ici,FL/60ML,Prod locale : Oui,AMODEX-Gé 250MG/5ML PDRE. P. SUSP. BUV. FL/60ML,ALGERIE,205.2 DA,N/A
,https://www.pharmnet-dz.com//medic.aspx?id=3046,,FAMYNON,11H041,COMP.,Cliquez ici,B/3X21,Prod locale : Non,"DESIRETT 0,075MG COMP. PELL B/28",INDE,0 DA,DA
,https://www.pharmnet-dz.com//medic.aspx?id=4519,,FARMIDOX,14A007,COMP. PELLI.,Cliquez ici,B/30,Prod locale : Oui,CALCIDOSE VITAMINE D 400UI/500MG/SACHET PDRE. ORALE  B/30 SACHETS,ALGERIE,148 DA,N/A
,https://www.pharmnet-dz.com//medic.aspx?id=2057,,FASIGYNE,19D026,COMP. PELLI.,Cliquez ici,B/4,Prod locale : Non,ABAVIR  300 MG CP PELL B/1  PILULIER DE 60,ALGERIE,0 DA,DA
,https://www.pharmnet-dz.com//medic.aspx?id=1075,,FASLODEX,05E164,SOL. INJ.,Cliquez ici,B/2SERING. PREREMPL. DE 5ML AVEC 02AIGUILLES PROTEGEES (BD SAFETYGLIDE),Prod locale : Non,5-FLUOROURACIL EBEWE 50MG/ML**  (OU 250MG/5ML -  500MG/10ML -  1000MG/20ML) SOL INJ B/5 AMP. DE 5ML  -  B/1FL DE 10ML  -  B/1FL. DE 20ML),ROYAUME UNI,N/A,N/A
,https://www.pharmnet-dz.com//medic.aspx?id=1282,,FEBRECTOL ADULTES,20C116,SUPPO.,Cliquez ici,B/06,Prod locale : Non,"CARBOMEX 0,05 SOL BUV FL/150ML +GOBLET DOSEUR DE 150 ML",FRANCE,0 DA,DA
,https://www.pharmnet-dz.com//medic.aspx?id=1281,,FEBRECTOL ENFANTS,20C115,SUPPO.,Cliquez ici,B/06,Prod locale : Non,"CARBOMEX 0,05 SOL BUV FL/150ML +GOBLET DOSEUR DE 150 ML",FRANCE,0 DA,DA
,https://www.pharmnet-dz.com//medic.aspx?id=1280,,FEBRECTOL NOURRISSONS,20C114,SUPPO.,Cliquez ici,B/06,Prod locale : Non,"CARBOMEX 0,05 SOL BUV FL/150ML +GOBLET DOSEUR DE 150 ML",FRANCE,0 DA,DA
,https://www.pharmnet-dz.com//medic.aspx?id=3240,,FEDICARD,06F073,COMP. SEC.,Cliquez ici,B/30,Prod locale : Oui,AMLIBON 10MG COMP. B/30 ET B/90,ALGERIE,0 DA,N/A
,https://www.pharmnet-dz.com//medic.aspx?id=1839,,FEIBA,12J147,PDRE. INJ.,Cliquez ici,B/1FL. DE PDRE. + 1FL. DE SOLVT.(EPPI) DE 20ML+1AIGUILLE A USAGE UNIQUE A AILETTE AVEC PINCE + 1SERINGUE A USAGE UNIQUE + 1BAXJECT II HI-FLOW POUR LA RECONSTITUTION OU B/1FL. DE PDRE. + 1FL. DE SOLVT.(EPPI) DE 20ML+1AIGUILLE DE PERFUSION + UNE AIGUILLE D',Prod locale : Oui,ADCETRIS 50 MG / ML  POUDRE POUR SOLUTION A DILUER POUR PERFUSION  B/01 FLACON,AUTRICHE,0 DA,DA
,https://www.pharmnet-dz.com//medic.aspx?id=5916,,FELCAM,21A005,GEL DERM.,Cliquez ici,T/50G,Prod locale : Oui,"AVAMYS 27,50µG/DOSE SUSP. P. PULV. NAS. FL./120DOSES",ALGERIE,145 DA,DA
,https://www.pharmnet-dz.com//medic.aspx?id=2766,,FELCAM,04B022,COMP. DISPERS.,Cliquez ici,B/10,Prod locale : Oui,APONIL 100MG COMP. SEC. B/20,ALGERIE,143 DA,143.00 DA
,https://www.pharmnet-dz.com//medic.aspx?id=6210,,FELCAM FAST,04B022,COMP. DISPERS. SEC.,Cliquez ici,B/10,Prod locale : Oui,APONIL 100MG COMP. SEC. B/20,ALGERIE,143 DA,N/A
,https://www.pharmnet-dz.com//medic.aspx?id=6211,,FELCAM FAST,04B022,COMP. DISPERS. SEC.,Cliquez ici,B/10,Prod locale : Oui,APONIL 100MG COMP. SEC. B/20,ALGERIE,143 DA,DA
,https://www.pharmnet-dz.com//medic.aspx?id=2767,,FELDENE,04B022,COMP. DISPERS.,Cliquez ici,B/10,Prod locale : Oui,APONIL 100MG COMP. SEC. B/20,ALGERIE,143 DA,DA
,https://www.pharmnet-dz.com//medic.aspx?id=2781,,FELDENE,04B024,SOL. INJ.,Cliquez ici,B/02 AMP. DE 1ML,Prod locale : Oui,APONIL 100MG COMP. SEC. B/20,FRANCE,127.6 DA,143.00 DA
,https://www.pharmnet-dz.com//medic.aspx?id=597,,FEMARA,09A120,COMP. PELLI.,Cliquez ici,B/30,Prod locale : Non,CORTIPRED 20MG COMP. EFFERV. B/20,FRANCE,6946.98 DA,DA
,https://www.pharmnet-dz.com//medic.aspx?id=599,,FEMAZOL,09A120,COMP. PELLI.,Cliquez ici,B/30,Prod locale : Non,CORTIPRED 20MG COMP. EFFERV. B/20,ALGERIE,0 DA,N/A
,https://www.pharmnet-dz.com//medic.aspx?id=3208,,FEMPRESS PLUS,06E271,COMP. PELLI.,Cliquez ici,B/30,Prod locale : Oui,AMLIBON 10MG COMP. B/30 ET B/90,ALLEMAGNE,N/A,N/A
,https://www.pharmnet-dz.com//medic.aspx?id=2723,,FENAQUENE,04B009,SUPPO.,Cliquez ici,B/10,Prod locale : Oui,APONIL 100MG COMP. SEC. B/20,ALGERIE,87.6 DA,DA
,https://www.pharmnet-dz.com//medic.aspx?id=931,,FENAQUENE,04B046,SUPPO.,Cliquez ici,B/10,Prod locale : Oui,APONIL 100MG COMP. SEC. B/20,ALGERIE,88.5 DA,DA
,https://www.pharmnet-dz.com//medic.aspx?id=4386,,FENATE,06M214,MICROGRANULES,Cliquez ici,B/30,Prod locale : Oui,AMLIBON 10MG COMP. B/30 ET B/90,ALGERIE,904 DA,DA
,https://www.pharmnet-dz.com//medic.aspx?id=5725,,feniramine,01A007,SIROP,Cliquez ici,FL/125ML,Prod locale : Oui,"BETAMETHASONE novagenerics®  2 mg,  comprimé dispersible sécable boite de 20",ALGERIE,125 DA,DA
,https://www.pharmnet-dz.com//medic.aspx?id=1535,,FENOFIBRATE IVAL,06M120,GLES.,Cliquez ici,B/30,Prod locale : Oui,AMLIBON 10MG COMP. B/30 ET B/90,ALGERIE,903.9 DA,N/A
,https://www.pharmnet-dz.com//medic.aspx?id=1579,,FENOFIBRATE MM,06M214,COMP. PELLI.,Cliquez ici,B/30,Prod locale : Oui,AMLIBON 10MG COMP. B/30 ET B/90,ALGERIE,903.9 DA,N/A
,https://www.pharmnet-dz.com//medic.aspx?id=3243,,FENOTYL LP,06F074,GLES. LP,Cliquez ici,B/30,Prod locale : Oui,AMLIBON 10MG COMP. B/30 ET B/90,ALGERIE,0 DA,N/A
,https://www.pharmnet-dz.com//medic.aspx?id=3266,,FENOTYL LP,06F293,GLES.,Cliquez ici,B/30,Prod locale : Oui,AMLIBON 10MG COMP. B/30 ET B/90,ALGERIE,0 DA,N/A
,https://www.pharmnet-dz.com//medic.aspx?id=1377,,FENOXAM,21A005,GEL DERM.,Cliquez ici,T/50G,Prod locale : Oui,ACTEMRA   20MG/ML/FLACON  CONCENTRE POUR SOLUTION A DILUER POUR PERFUSION IV  BOITE DE 1 FLACON DE  20ml( 400 mg/20ml),ALGERIE,145 DA,N/A
,https://www.pharmnet-dz.com//medic.aspx?id=3913,,GAALOX,10B137,COMP. A CROQ.,Cliquez ici,B/20,Prod locale : Oui,DIARFAN 10 mg Racécadotril PDRE.SOL.BUV 16 Sachets,ALGERIE,0 DA,N/A
,https://www.pharmnet-dz.com//medic.aspx?id=3916,,GAALOX PLUS,10B142,COMP. A CROQ.,Cliquez ici,B/40,Prod locale : Oui,DIARFAN 10 mg Racécadotril PDRE.SOL.BUV 16 Sachets,ALGERIE,0 DA,N/A
,https://www.pharmnet-dz.com//medic.aspx?id=6123,,GABALYSE,15A069,GLES.,Cliquez ici,B/56,Prod locale : Oui,"DOPREXOL 0,375 MG COMPRIME A LIBERATION PROLONGEE B/30",TURQUIE,7952 DA,DA
,https://www.pharmnet-dz.com//medic.aspx?id=2449,,GABATREX,15A086,GLES.,Cliquez ici,B/50,Prod locale : Oui,"DOPREXOL 0,375 MG COMPRIME A LIBERATION PROLONGEE B/30",ALGERIE,0 DA,1312.00 DA
,https://www.pharmnet-dz.com//medic.aspx?id=2450,,GABATREX,15A087,GLES.,Cliquez ici,B/50,Prod locale : Oui,"DOPREXOL 0,375 MG COMPRIME A LIBERATION PROLONGEE B/30",ALGERIE,0 DA,1607.00 DA
,https://www.pharmnet-dz.com//medic.aspx?id=573,,GADOVIST,08A069,SOL. INJ.,Cliquez ici,"FL./7,5ML - FL./15ML",Prod locale : Non,HEXABRIX 320 I=320MG/ML SOL INJ INTRA-VASC. - INTRA-UTERINE -INTRA-ARTICULAIRE FL 20ML- 50ML -100ML,ALLEMAGNE,0 DA,DA
,https://www.pharmnet-dz.com//medic.aspx?id=6263,,GALARA,15A068,GLES.,Cliquez ici,30,Prod locale : Oui,"DOPREXOL 0,375 MG COMPRIME A LIBERATION PROLONGEE B/30",ALGERIE,2151  DA,DA
,https://www.pharmnet-dz.com//medic.aspx?id=6262,,GALARA,15A069,GLES.,Cliquez ici,30,Prod locale : Oui,"DOPREXOL 0,375 MG COMPRIME A LIBERATION PROLONGEE B/30",ALGERIE,4260	 	 DA,DA
,https://www.pharmnet-dz.com//medic.aspx?id=3728,,GALVUS,14A345,COMP.,Cliquez ici,B/28,Prod locale : Oui,CALCIDOSE VITAMINE D 400UI/500MG/SACHET PDRE. ORALE  B/30 SACHETS,SUISSE,0 DA,2747.00 DA
,https://www.pharmnet-dz.com//medic.aspx?id=3514,,GARDENAL,15A012,PDRE. SOL. INJ.,Cliquez ici,B/1FL. DE LYOPH. + 1AMP. DE 2ML DE SOLV. (EPPI),Prod locale : Oui,"DOPREXOL 0,375 MG COMPRIME A LIBERATION PROLONGEE B/30",FRANCE,0 DA,DA
,https://www.pharmnet-dz.com//medic.aspx?id=3837,,GASEC,10A001,GLES. A MICROG. GASTRORESIST.,Cliquez ici,B/14,Prod locale : Oui,DIARFAN 10 mg Racécadotril PDRE.SOL.BUV 16 Sachets,ALGERIE,196 DA,196 DA
,https://www.pharmnet-dz.com//medic.aspx?id=4451,,GASTRIUM,10G054,SUSP. BUV.,Cliquez ici,B/1 FlaCON DE 200 ML,Prod locale : Oui,DIARFAN 10 mg Racécadotril PDRE.SOL.BUV 16 Sachets,ALGERIE,0 DA,168.00 DA
,https://www.pharmnet-dz.com//medic.aspx?id=574,,GASTROGRAFINE,08C008,SOL. BUV.,Cliquez ici,B/1FL. DE 100ML,Prod locale : Non,HEXABRIX 320 I=320MG/ML SOL INJ INTRA-VASC. - INTRA-UTERINE -INTRA-ARTICULAIRE FL 20ML- 50ML -100ML,ALLEMAGNE,0 DA,DA
,https://www.pharmnet-dz.com//medic.aspx?id=6284,,GATIFLOXACINE GL,17D155,COLLY. SOL.,Cliquez ici,FL/5ML,Prod locale : Oui,CROPINE 0.5% COLLY. EN SOL. FL./10ML,ALGERIE,N/R DA,636.32 DA
,https://www.pharmnet-dz.com//medic.aspx?id=2917,,GAVISCON,10G054,SUSP. BUV.,Cliquez ici,FL/250 ML,Prod locale : Oui,DIARFAN 10 mg Racécadotril PDRE.SOL.BUV 16 Sachets,ROYAUME UNI,0 DA,DA
,https://www.pharmnet-dz.com//medic.aspx?id=1706,,GEASPERIQUE,12A131,COMP.,Cliquez ici,B/20,Prod locale : Oui,ADCETRIS 50 MG / ML  POUDRE POUR SOLUTION A DILUER POUR PERFUSION  B/01 FLACON,ALGERIE,53 DA,N/A
,https://www.pharmnet-dz.com//medic.aspx?id=4114,,GEASPIRIQUE,03A001,COMP. SEC.,Cliquez ici,B/20,Prod locale : Oui,ATP NOVAGENERICS  30MG GLES.  B/30,ALGERIE,66.8 DA,N/A
,https://www.pharmnet-dz.com//medic.aspx?id=263,,GECTAPEN,13G063,PDRE. SOL. INJ.,Cliquez ici,B/01FL. DE PDRE. + 01AMP. DE 5ML DE SOLV. (EPPI)  ET B/50FL. DE PDRE.,Prod locale : Oui,AMODEX-Gé 250MG/5ML PDRE. P. SUSP. BUV. FL/60ML,ALGERIE,107 DA,107 DA
,https://www.pharmnet-dz.com//medic.aspx?id=262,,GECTAPEN,13G062,PDRE. SOL. INJ.,Cliquez ici,B/01FL. DE PDRE. + 01AMP. DE 5ML DE SOLV. (EPPI)  ET B/50FL. DE PDRE.,Prod locale : Oui,AMODEX-Gé 250MG/5ML PDRE. P. SUSP. BUV. FL/60ML,ALGERIE,90 DA,N/A
,https://www.pharmnet-dz.com//medic.aspx?id=912,,GEFENE,04B042,SOL. BUV.,Cliquez ici,FL./125ML,Prod locale : Oui,APONIL 100MG COMP. SEC. B/20,ALGERIE,122.5 DA,N/A
,https://www.pharmnet-dz.com//medic.aspx?id=1474,,GEFRANE,22B004,SOL. NAS.,Cliquez ici,FL./15ML,Prod locale : Oui,"AVAMYS 27,50µG/DOSE SUSP. P. PULV. NAS. FL./120DOSES",ALGERIE,123 DA,N/A
,https://www.pharmnet-dz.com//medic.aspx?id=3989,,GELARTINE,01A033,COMP. SEC.,Cliquez ici,B/20,Prod locale : Oui,"BETAMETHASONE novagenerics®  2 mg,  comprimé dispersible sécable boite de 20",ALGERIE,90 DA,N/A
,https://www.pharmnet-dz.com//medic.aspx?id=1838,,GELOFUSINE,12J105,PDRE. INJ.,Cliquez ici,B/10FL/500ML,Prod locale : Oui,ADCETRIS 50 MG / ML  POUDRE POUR SOLUTION A DILUER POUR PERFUSION  B/01 FLACON,FRANCE,0 DA,DA
,https://www.pharmnet-dz.com//medic.aspx?id=2371,,GELTIM LP,17C170,GEL OPHT.,Cliquez ici,B/30RECIPIENTS UNIDOSE EN SACHET DE 10,Prod locale : Oui,CROPINE 0.5% COLLY. EN SOL. FL./10ML,FRANCE,0 DA,964.92 DA
,https://www.pharmnet-dz.com//medic.aspx?id=4157,,GEMAL,03B007,SUPPO.,Cliquez ici,B/10,Prod locale : Oui,ATP NOVAGENERICS  30MG GLES.  B/30,ALGERIE,85 DA,N/A
,https://www.pharmnet-dz.com//medic.aspx?id=2632,,GEMAL,03B081,COMP. SEC.,Cliquez ici,B/10,Prod locale : Oui,ATP NOVAGENERICS  30MG GLES.  B/30,ALGERIE,50 DA,N/A
,https://www.pharmnet-dz.com//medic.aspx?id=4180,,GEMAL,03B042,SUPPO.,Cliquez ici,B/10,Prod locale : Oui,ATP NOVAGENERICS  30MG GLES.  B/30,ALGERIE,85 DA,N/A
,https://www.pharmnet-dz.com//medic.aspx?id=4186,,GEMAL,03B043,SUPPO.,Cliquez ici,B/10,Prod locale : Oui,ATP NOVAGENERICS  30MG GLES.  B/30,ALGERIE,110 DA,N/A
,https://www.pharmnet-dz.com//medic.aspx?id=4137,,GEMAL,03B005,COMP.,Cliquez ici,B/20,Prod locale : Oui,ATP NOVAGENERICS  30MG GLES.  B/30,ALGERIE,50 DA,N/A
,https://www.pharmnet-dz.com//medic.aspx?id=4171,,GEMAL,03B040,GLES.,Cliquez ici,B/20,Prod locale : Oui,ATP NOVAGENERICS  30MG GLES.  B/30,ALGERIE,50 DA,N/A
,https://www.pharmnet-dz.com//medic.aspx?id=2793,,GEMATE,04B031,SUPPO.,Cliquez ici,B/10,Prod locale : Oui,APONIL 100MG COMP. SEC. B/20,ALGERIE,135.5 DA,N/A
,https://www.pharmnet-dz.com//medic.aspx?id=1117,,GEMCITABIN EBEWE,05G085,PDRE. SOL. INJ.,Cliquez ici,FL/100ML,Prod locale : Non,5-FLUOROURACIL EBEWE 50MG/ML**  (OU 250MG/5ML -  500MG/10ML -  1000MG/20ML) SOL INJ B/5 AMP. DE 5ML  -  B/1FL DE 10ML  -  B/1FL. DE 20ML),AUTRICHE,N/A,N/A
,https://www.pharmnet-dz.com//medic.aspx?id=1125,,GEMCITABIN EBEWE,05G094,SOL. INJ.,Cliquez ici,FL./20ML,Prod locale : Non,5-FLUOROURACIL EBEWE 50MG/ML**  (OU 250MG/5ML -  500MG/10ML -  1000MG/20ML) SOL INJ B/5 AMP. DE 5ML  -  B/1FL DE 10ML  -  B/1FL. DE 20ML),AUTRICHE,N/A,N/A
,https://www.pharmnet-dz.com//medic.aspx?id=20,,GEMCITABIN EBEWE,05G139,SOL. INJ.,Cliquez ici,FL./50ML,Prod locale : Non,5-FLUOROURACIL EBEWE 50MG/ML**  (OU 250MG/5ML -  500MG/10ML -  1000MG/20ML) SOL INJ B/5 AMP. DE 5ML  -  B/1FL DE 10ML  -  B/1FL. DE 20ML),AUTRICHE,N/A,N/A
,https://www.pharmnet-dz.com//medic.aspx?id=395,,GEMIXINE,13K334,COMP. PELLI.,Cliquez ici,B/10,Prod locale : Oui,AMODEX-Gé 250MG/5ML PDRE. P. SUSP. BUV. FL/60ML,ALGERIE,N/A,N/A
,https://www.pharmnet-dz.com//medic.aspx?id=1008,,GEMZAR,05A094,PDRE. SOL. INJ.,Cliquez ici,B/1FL,Prod locale : Non,5-FLUOROURACIL EBEWE 50MG/ML**  (OU 250MG/5ML -  500MG/10ML -  1000MG/20ML) SOL INJ B/5 AMP. DE 5ML  -  B/1FL DE 10ML  -  B/1FL. DE 20ML),FRANCE,N/A,N/A
,https://www.pharmnet-dz.com//medic.aspx?id=2377,,GENTADAR,17D020,COLLY.,Cliquez ici,FL./10ML,Prod locale : Oui,CROPINE 0.5% COLLY. EN SOL. FL./10ML,ALGERIE,130 DA,130.10 DA
,https://www.pharmnet-dz.com//medic.aspx?id=2231,,HADOL,16D085,SOL. BUV. GTTES.,Cliquez ici,FL./20ML,Prod locale : Non,XEPLION 100MG/ML SUSP INJ LP B/01  SER PRE-REMP DE 0.75 ML(75 MG/0.75ML) ET 02 AIGUILLES,ALGERIE,120.4 DA,N/A
,https://www.pharmnet-dz.com//medic.aspx?id=1830,,HAEMOCTIN SDH,12J044,PDRE. INJ.,Cliquez ici,B/1+ 1FL./ 10ML,Prod locale : Oui,ADCETRIS 50 MG / ML  POUDRE POUR SOLUTION A DILUER POUR PERFUSION  B/01 FLACON,ALLEMAGNE,N/A,N/A
,https://www.pharmnet-dz.com//medic.aspx?id=6248,,HALAVEN,05G191,SOL. INJ.,Cliquez ici,B/1 FL DE 2 ML,Prod locale : Non,5-FLUOROURACIL EBEWE 50MG/ML**  (OU 250MG/5ML -  500MG/10ML -  1000MG/20ML) SOL INJ B/5 AMP. DE 5ML  -  B/1FL DE 10ML  -  B/1FL. DE 20ML),ROYAUME UNI,**** DA,N/A
,https://www.pharmnet-dz.com//medic.aspx?id=2228,,HALDOL,16D084,SOL. INJ.,Cliquez ici,B/5 AMP de 1ML,Prod locale : Non,XEPLION 100MG/ML SUSP INJ LP B/01  SER PRE-REMP DE 0.75 ML(75 MG/0.75ML) ET 02 AIGUILLES,FRANCE,0 DA,N/A
,https://www.pharmnet-dz.com//medic.aspx?id=2303,,HALDOL DECANOAS,16D127,SOL. INJ.,Cliquez ici,B/5AMP DE 1ML,Prod locale : Non,XEPLION 100MG/ML SUSP INJ LP B/01  SER PRE-REMP DE 0.75 ML(75 MG/0.75ML) ET 02 AIGUILLES,FRANCE,0 DA,DA
,https://www.pharmnet-dz.com//medic.aspx?id=4653,,HALDOMEX,16D085,SOL. BUV. GTTES.,Cliquez ici,FL/20 ML,Prod locale : Non,XEPLION 100MG/ML SUSP INJ LP B/01  SER PRE-REMP DE 0.75 ML(75 MG/0.75ML) ET 02 AIGUILLES,ALGERIE,120 DA,DA
,https://www.pharmnet-dz.com//medic.aspx?id=2232,,HALLUDOL,16D085,SOL. BUV. GTTES.,Cliquez ici,FL./15ML,Prod locale : Non,XEPLION 100MG/ML SUSP INJ LP B/01  SER PRE-REMP DE 0.75 ML(75 MG/0.75ML) ET 02 AIGUILLES,ALGERIE,90.3 DA,N/A
,https://www.pharmnet-dz.com//medic.aspx?id=2229,,HALLUDOL,16D084,SOL. INJ.,Cliquez ici,B/50AMP,Prod locale : Non,XEPLION 100MG/ML SUSP INJ LP B/01  SER PRE-REMP DE 0.75 ML(75 MG/0.75ML) ET 02 AIGUILLES,ALGERIE,90 DA,N/A
,https://www.pharmnet-dz.com//medic.aspx?id=2234,,HALOPERIDOL,16D085,SOL. BUV. GTTES.,Cliquez ici,FL/20ML,Prod locale : Non,XEPLION 100MG/ML SUSP INJ LP B/01  SER PRE-REMP DE 0.75 ML(75 MG/0.75ML) ET 02 AIGUILLES,ALGERIE,120.4 DA,N/A
,https://www.pharmnet-dz.com//medic.aspx?id=2235,,HALOPERIDOL BGL,16D085,SOL. BUV. GTTES.,Cliquez ici,B/01 FL COMPTE GTTES/15ML,Prod locale : Non,XEPLION 100MG/ML SUSP INJ LP B/01  SER PRE-REMP DE 0.75 ML(75 MG/0.75ML) ET 02 AIGUILLES,ALGERIE,90.3 DA,90.00 DA
,https://www.pharmnet-dz.com//medic.aspx?id=2240,,HALOPERIDOL GENERICLAB,16D085,SOL. BUV. GTTES.,Cliquez ici,FL. COMPT.GTTES DE 15ML,Prod locale : Non,XEPLION 100MG/ML SUSP INJ LP B/01  SER PRE-REMP DE 0.75 ML(75 MG/0.75ML) ET 02 AIGUILLES,ALGERIE,90.30 DA,90.30 DA
,https://www.pharmnet-dz.com//medic.aspx?id=6283,,HALOPERIDOL GL,16D085,SUSP. BUV.,Cliquez ici,B/1 FL DE 50ml + 01 PIPETTE GRADUEE à 1ml (soit 20 gouttes),Prod locale : Non,XEPLION 100MG/ML SUSP INJ LP B/01  SER PRE-REMP DE 0.75 ML(75 MG/0.75ML) ET 02 AIGUILLES,ALGERIE,301 DA,212 DA
,https://www.pharmnet-dz.com//medic.aspx?id=5748,,HARUFEN,04B049,PATCH,Cliquez ici,B/7,Prod locale : Oui,APONIL 100MG COMP. SEC. B/20,COREE,166 DA,DA
,https://www.pharmnet-dz.com//medic.aspx?id=1847,,HEAMONINE,12J170,PDRE. INJ.,Cliquez ici,B/01 FL. DE PDRE. + 01 FL. DE SOLV. (5ML) + SERING. JETABLE (5ML) + SYST. D. TRANSFERT A DOUBLE FILTRE,Prod locale : Oui,ADCETRIS 50 MG / ML  POUDRE POUR SOLUTION A DILUER POUR PERFUSION  B/01 FLACON,ALLEMAGNE,0 DA,DA
,https://www.pharmnet-dz.com//medic.aspx?id=3594,,HEBERBIOVAC HB PEDIATRIQUE,13U136,SOL. INJ.,Cliquez ici,B/25FL,Prod locale : Oui,AMODEX-Gé 250MG/5ML PDRE. P. SUSP. BUV. FL/60ML,CUBA,N/A,N/A
,https://www.pharmnet-dz.com//medic.aspx?id=1814,,HEBERKINASE,12F033,LYOPH. SOL. INJ.,Cliquez ici,B/30,Prod locale : Oui,ADCETRIS 50 MG / ML  POUDRE POUR SOLUTION A DILUER POUR PERFUSION  B/01 FLACON,CUBA,N/A,N/A
,https://www.pharmnet-dz.com//medic.aspx?id=560,,HEBERMIN,07P137,CRÈME,Cliquez ici,"T/15G ,POT/30G ET POT 200G",Prod locale : Oui,ADAFERIN GEL DERMIQUE 0.1%,ALGERIE,2832 DA,DA
,https://www.pharmnet-dz.com//medic.aspx?id=423,,HEBERON ALFA R,13P099,PDRE. SOL. INJ.,Cliquez ici,B/25,Prod locale : Oui,AMODEX-Gé 250MG/5ML PDRE. P. SUSP. BUV. FL/60ML,CUBA,N/A,N/A
,https://www.pharmnet-dz.com//medic.aspx?id=428,,HEBERON ALFA R,13P101,PDRE. SOL. INJ.,Cliquez ici,B/25,Prod locale : Oui,AMODEX-Gé 250MG/5ML PDRE. P. SUSP. BUV. FL/60ML,CUBA,N/A,N/A
,https://www.pharmnet-dz.com//medic.aspx?id=427,,HEBERON ALFA R,13P100,PDRE. SOL. INJ.,Cliquez ici,B/25,Prod locale : Oui,AMODEX-Gé 250MG/5ML PDRE. P. SUSP. BUV. FL/60ML,CUBA,N/A,N/A
,https://www.pharmnet-dz.com//medic.aspx?id=3478,,HEBERPROT- P 75,14M314,SOL. INJ.,Cliquez ici,B/1FL. DE PDRE. + 1AMP. DE SOLV. 5ML,Prod locale : Oui,CALCIDOSE VITAMINE D 400UI/500MG/SACHET PDRE. ORALE  B/30 SACHETS,ALGERIE,N/A,N/A
,https://www.pharmnet-dz.com//medic.aspx?id=638,,HEET,09H020,SOL. BUV. GTTES.,Cliquez ici,FL./30ML,Prod locale : Non,CORTIPRED 20MG COMP. EFFERV. B/20,ALGERIE,0 DA,N/A
,https://www.pharmnet-dz.com//medic.aspx?id=2998,,HELIKIT,10S160,PDRE. SOL. BUV.,Cliquez ici,B/1FL. PDRE. (13C UREE) + 1SACH. PDRE.(AC. CITRIQUE ANHYD.) + 02PAILLES + 1KIT DE CONTRÔLE (4T. DE PRELEV),Prod locale : Oui,DIARFAN 10 mg Racécadotril PDRE.SOL.BUV 16 Sachets,FRANCE,0 DA,DA
,https://www.pharmnet-dz.com//medic.aspx?id=2048,,HELMINTOX,19B010,COMP.,Cliquez ici,B/6,Prod locale : Non,ABAVIR  300 MG CP PELL B/1  PILULIER DE 60,FRANCE,0 DA,DA
,https://www.pharmnet-dz.com//medic.aspx?id=2050,,HELMINTOX,19B011,SIROP,Cliquez ici,FL/15ML,Prod locale : Non,ABAVIR  300 MG CP PELL B/1  PILULIER DE 60,FRANCE,174.34 DA,N/A
,https://www.pharmnet-dz.com//medic.aspx?id=1769,,HEMAX,12E063,LYOPH. SOL. INJ.,Cliquez ici,B/1FL. DE PDRE + 1SERIING. PRE REMPLIE  DE 1ML DE SOLV.,Prod locale : Oui,ADCETRIS 50 MG / ML  POUDRE POUR SOLUTION A DILUER POUR PERFUSION  B/01 FLACON,ARGENTINE,N/A,N/A
,https://www.pharmnet-dz.com//medic.aspx?id=1813,,HEMAX,12E157,LYOPH. SOL. INJ.,Cliquez ici,B/1FL.DE PDRE. + UNE AMP. DE 1ML DE SOLV. (E.P.P.I) +1SERING. +2AIGUI. A USAGE UNIQUE +TAMPON IMBIBE D'ALCOOL ISOPROPYLIQUE,Prod locale : Oui,ADCETRIS 50 MG / ML  POUDRE POUR SOLUTION A DILUER POUR PERFUSION  B/01 FLACON,ARGENTINE,0 DA,DA
,https://www.pharmnet-dz.com//medic.aspx?id=1790,,HEMAX,12E123,LYOPH. SOL. INJ.,Cliquez ici,B/1FL.DE PDRE.+1SERING. PREREMPLIE DE SOLVT. DE 2ML +2AIGUI. A USAGE UNIQUE +TAMPON IMBIBE D'ALCOOL ISOPROPYLIQUE       -       B/25 FL. DE PDRE. + 25AMP. DE SOLVT. DE 2ML,Prod locale : Oui,ADCETRIS 50 MG / ML  POUDRE POUR SOLUTION A DILUER POUR PERFUSION  B/01 FLACON,ARGENTINE,0 DA,DA
,https://www.pharmnet-dz.com//medic.aspx?id=1762,,HEMAX,12E060,LYOPH. SOL. INJ.,Cliquez ici,B/1FL. DE PDRE + 1SERIING. PRE REMPLIE  DE 2ML DE SOLV.,Prod locale : Oui,ADCETRIS 50 MG / ML  POUDRE POUR SOLUTION A DILUER POUR PERFUSION  B/01 FLACON,ARGENTINE,N/A,N/A
,https://www.pharmnet-dz.com//medic.aspx?id=4214,,HEMAX,12L145,PDRE. SOL. INJ.,Cliquez ici,B/1FL. DE PDRE. + 1SERING. PREREMPL. DE 2ML DE SOLV.,Prod locale : Oui,ADCETRIS 50 MG / ML  POUDRE POUR SOLUTION A DILUER POUR PERFUSION  B/01 FLACON,ARGENTINE,00 DA,DA
,https://www.pharmnet-dz.com//medic.aspx?id=3610,,HEMI-DAONIL,14A002,COMP. SEC.,Cliquez ici,B/60,Prod locale : Oui,CALCIDOSE VITAMINE D 400UI/500MG/SACHET PDRE. ORALE  B/30 SACHETS,ALGERIE,110 DA,DA
,https://www.pharmnet-dz.com//medic.aspx?id=2986,,HEMOLOG,10P084,SUPPO.,Cliquez ici,B/10,Prod locale : Oui,DIARFAN 10 mg Racécadotril PDRE.SOL.BUV 16 Sachets,ALGERIE,0 DA,200.00 DA
,https://www.pharmnet-dz.com//medic.aspx?id=2985,,HEMOLOG,10P083,CRÈME,Cliquez ici,T/15G,Prod locale : Oui,DIARFAN 10 mg Racécadotril PDRE.SOL.BUV 16 Sachets,ALGERIE,N/A,N/A
,https://www.pharmnet-dz.com//medic.aspx?id=1478,,HEMOPRES,06H094,COMP.,Cliquez ici,B/40,Prod locale : Oui,AMLIBON 10MG COMP. B/30 ET B/90,YOUGOSLAVIE,274 DA,N/A
,https://www.pharmnet-dz.com//medic.aspx?id=2987,,HEMORECT,10P084,SUPPO.,Cliquez ici,B/10,Prod locale : Oui,DIARFAN 10 mg Racécadotril PDRE.SOL.BUV 16 Sachets,ALGERIE,0 DA,N/A
,https://www.pharmnet-dz.com//medic.aspx?id=2984,,HEMORECT,10P083,CRÈME,Cliquez ici,T/20G,Prod locale : Oui,DIARFAN 10 mg Racécadotril PDRE.SOL.BUV 16 Sachets,ALGERIE,N/A,153.00 DA
,https://www.pharmnet-dz.com//medic.aspx?id=1831,,HEMOREL-A,12J044,PDRE. INJ.,Cliquez ici,B/1FL. DE PDRE. + 1FL. DE 10ML DE SOLV. (EPPI)+ DISPOSITIF D'INJECTION,Prod locale : Oui,ADCETRIS 50 MG / ML  POUDRE POUR SOLUTION A DILUER POUR PERFUSION  B/01 FLACON,ALGERIE,N/A,N/A
,https://www.pharmnet-dz.com//medic.aspx?id=4223,,IBUFEN,04B042,SOL. BUV.,Cliquez ici,FL/125 ML,Prod locale : Oui,APONIL 100MG COMP. SEC. B/20,ALGERIE,123 DA,DA
,https://www.pharmnet-dz.com//medic.aspx?id=1392,,IBUMAL,21A057,GEL DERM.,Cliquez ici,T/40G,Prod locale : Oui,ACTEMRA   20MG/ML/FLACON  CONCENTRE POUR SOLUTION A DILUER POUR PERFUSION IV  BOITE DE 1 FLACON DE  20ml( 400 mg/20ml),ALGERIE,116 DA,N/A
,https://www.pharmnet-dz.com//medic.aspx?id=901,,IBUMAL,04B040,COMP. PELLI.,Cliquez ici,B/32,Prod locale : Oui,APONIL 100MG COMP. SEC. B/20,ALGERIE,192 DA,115.00 DA
,https://www.pharmnet-dz.com//medic.aspx?id=4416,,IBUPRANE,04B040,COMP. PELLI.,Cliquez ici,B/20,Prod locale : Oui,APONIL 100MG COMP. SEC. B/20,ALGERIE,192 DA,N/A
,https://www.pharmnet-dz.com//medic.aspx?id=4360,,IBUPRANE,04B010,COMP. PELLI.,Cliquez ici,B/20,Prod locale : Oui,APONIL 100MG COMP. SEC. B/20,ALGERIE,157 DA,N/A
,https://www.pharmnet-dz.com//medic.aspx?id=6116,,IBUPRANE,04B044,COMP. PELLI.,Cliquez ici,B/20,Prod locale : Oui,APONIL 100MG COMP. SEC. B/20,ALGERIE,235.5 DA,DA
,https://www.pharmnet-dz.com//medic.aspx?id=6169,,IBUPRFENE LDM,21A057,GEL DERM.,Cliquez ici,T/50G,Prod locale : Oui,ACTEMRA   20MG/ML/FLACON  CONCENTRE POUR SOLUTION A DILUER POUR PERFUSION IV  BOITE DE 1 FLACON DE  20ml( 400 mg/20ml),ALGERIE,145 DA,DA
,https://www.pharmnet-dz.com//medic.aspx?id=902,,IBUPROFAL,04B040,COMP. PELLI.,Cliquez ici,B/20,Prod locale : Oui,APONIL 100MG COMP. SEC. B/20,ALGERIE,120 DA,119.00 DA
,https://www.pharmnet-dz.com//medic.aspx?id=2728,,IBUPROFAL,04B010,COMP. PELLI.,Cliquez ici,B/20,Prod locale : Oui,APONIL 100MG COMP. SEC. B/20,ALGERIE,157 DA,158.00 DA
,https://www.pharmnet-dz.com//medic.aspx?id=930,,IBUPROFAL,04B044,COMP. PELLI.,Cliquez ici,B/20,Prod locale : Oui,APONIL 100MG COMP. SEC. B/20,ALGERIE,157 DA,N/A
,https://www.pharmnet-dz.com//medic.aspx?id=4222,,IBUPROFENE BEKER,04B010,COMP. PELLI.,Cliquez ici,B/20,Prod locale : Oui,APONIL 100MG COMP. SEC. B/20,ALGERIE,157 DA,158.51 DA
,https://www.pharmnet-dz.com//medic.aspx?id=925,,IBUPROFENE BEKER,04B044,COMP. PELLI.,Cliquez ici,B/20,Prod locale : Oui,APONIL 100MG COMP. SEC. B/20,ALGERIE,157 DA,157.00 DA
,https://www.pharmnet-dz.com//medic.aspx?id=903,,IBUPROFENE IVAL,04B040,COMP. PELLI.,Cliquez ici,B/20,Prod locale : Oui,APONIL 100MG COMP. SEC. B/20,ALGERIE,120 DA,N/A
,https://www.pharmnet-dz.com//medic.aspx?id=904,,IBUPROFNE BEKER,04B040,COMP. PELLI.,Cliquez ici,B/30,Prod locale : Oui,APONIL 100MG COMP. SEC. B/20,ALGERIE,180 DA,180.00 DA
,https://www.pharmnet-dz.com//medic.aspx?id=4565,,IBUTHOL,21A069,GEL,Cliquez ici,TUBE DE 50G,Prod locale : Oui,ACTEMRA   20MG/ML/FLACON  CONCENTRE POUR SOLUTION A DILUER POUR PERFUSION IV  BOITE DE 1 FLACON DE  20ml( 400 mg/20ml),ALGERIE,"145,00 DA","415,01 DA"
,https://www.pharmnet-dz.com//medic.aspx?id=4651,,IDEOS,14G175,COMP. A CROQ.,Cliquez ici,B DE 2 TUBES DE 15 CP,Prod locale : Oui,CALCIDOSE VITAMINE D 400UI/500MG/SACHET PDRE. ORALE  B/30 SACHETS,FRANCE,405 DA,DA
,https://www.pharmnet-dz.com//medic.aspx?id=4495,,IFFUROXAZIDE,10C018,SUSP. BUV.,Cliquez ici,B/01 FL DE 90ML + GOBLET DOSEUR,Prod locale : Oui,DIARFAN 10 mg Racécadotril PDRE.SOL.BUV 16 Sachets,ALGERIE,DA,N/A
,https://www.pharmnet-dz.com//medic.aspx?id=4661,,IFOXAN,05G106,SOL. INJ.,Cliquez ici,B/1FL,Prod locale : Non,5-FLUOROURACIL EBEWE 50MG/ML**  (OU 250MG/5ML -  500MG/10ML -  1000MG/20ML) SOL INJ B/5 AMP. DE 5ML  -  B/1FL DE 10ML  -  B/1FL. DE 20ML),COREE,00 DA,DA
,https://www.pharmnet-dz.com//medic.aspx?id=1041,,IMALEK,05C113,COMP.,Cliquez ici,B/06,Prod locale : Non,5-FLUOROURACIL EBEWE 50MG/ML**  (OU 250MG/5ML -  500MG/10ML -  1000MG/20ML) SOL INJ B/5 AMP. DE 5ML  -  B/1FL DE 10ML  -  B/1FL. DE 20ML),INDE,N/A,N/A
,https://www.pharmnet-dz.com//medic.aspx?id=1013,,IMATIB,05A105,COMP. PELLI.,Cliquez ici,B/120,Prod locale : Non,5-FLUOROURACIL EBEWE 50MG/ML**  (OU 250MG/5ML -  500MG/10ML -  1000MG/20ML) SOL INJ B/5 AMP. DE 5ML  -  B/1FL DE 10ML  -  B/1FL. DE 20ML),INDE,N/A,N/A
,https://www.pharmnet-dz.com//medic.aspx?id=1042,,IMATIB,05C113,COMP.,Cliquez ici,B/30,Prod locale : Non,5-FLUOROURACIL EBEWE 50MG/ML**  (OU 250MG/5ML -  500MG/10ML -  1000MG/20ML) SOL INJ B/5 AMP. DE 5ML  -  B/1FL DE 10ML  -  B/1FL. DE 20ML),INDE,N/A,N/A
,https://www.pharmnet-dz.com//medic.aspx?id=3601,,IMECISTAL,13W187,PDRE. SOL. INJ.,Cliquez ici,B/1FL. DE PDRE.,Prod locale : Oui,AMODEX-Gé 250MG/5ML PDRE. P. SUSP. BUV. FL/60ML,ALGERIE,N/A,N/A
,https://www.pharmnet-dz.com//medic.aspx?id=3218,,IMINOPRIL,06E285,COMP. SEC.,Cliquez ici,B/14 - B/28,Prod locale : Oui,AMLIBON 10MG COMP. B/30 ET B/90,JORDANIE,507.5 DA,1015.00 DA
,https://www.pharmnet-dz.com//medic.aspx?id=1832,,IMMUNATE,12J044,PDRE. INJ.,Cliquez ici,B/1FL. DE PDRE. LYOPH.+1FL. DE 5ML DE SOLV. (E.P.P.I)+1DISPOSITIF DE TRANSFERT AVEC FILTRE+1SERINGUE A USAGE UNIQUE+1AIGUILLE STERILE+1SYSTEME DE PERFUSION A AILETTES,Prod locale : Oui,ADCETRIS 50 MG / ML  POUDRE POUR SOLUTION A DILUER POUR PERFUSION  B/01 FLACON,AUTRICHE,N/A,N/A
,https://www.pharmnet-dz.com//medic.aspx?id=1837,,IMMUNINE,12J104,PDRE. INJ.,Cliquez ici,B/1FL. DE PDRE. LYOPH.+1FL. DE 5ML DE SOLV. (E.P.P.I)+1AIGUILLE DE TRANSFERET+1AIGUIILE D'AERATION+1AIGUILLE FILTRE+1AIGUILLE JETABLE+1SERINGUE JETABLE (5ML)+1DISPOSITIF DE PERFUSION,Prod locale : Oui,ADCETRIS 50 MG / ML  POUDRE POUR SOLUTION A DILUER POUR PERFUSION  B/01 FLACON,AUTRICHE,N/A,N/A
,https://www.pharmnet-dz.com//medic.aspx?id=1836,,IMMUNOGLOBULINE HUMAINE ANTI-D (Rho),12J049,SOL. INJ.,Cliquez ici,B/1AMP. DE 2ML,Prod locale : Oui,ADCETRIS 50 MG / ML  POUDRE POUR SOLUTION A DILUER POUR PERFUSION  B/01 FLACON,CUBA,0 DA,N/A
,https://www.pharmnet-dz.com//medic.aspx?id=3058,,IMPLANON NXT,11H074,IMPLANT,Cliquez ici,B/1APPLICATEUR CONTENANT UN IMPLANT,Prod locale : Non,"DESIRETT 0,075MG COMP. PELL B/28",Commercialisation:,0 DA,N/A
,https://www.pharmnet-dz.com//medic.aspx?id=1019,,IMUREL,05B043,COMP. PELLI.,Cliquez ici,B/100,Prod locale : Non,5-FLUOROURACIL EBEWE 50MG/ML**  (OU 250MG/5ML -  500MG/10ML -  1000MG/20ML) SOL INJ B/5 AMP. DE 5ML  -  B/1FL DE 10ML  -  B/1FL. DE 20ML),IRELAND,3091 DA,N/A
,https://www.pharmnet-dz.com//medic.aspx?id=1030,,IMUSPORIN,05B049,CAPS.,Cliquez ici,B/50,Prod locale : Non,5-FLUOROURACIL EBEWE 50MG/ML**  (OU 250MG/5ML -  500MG/10ML -  1000MG/20ML) SOL INJ B/5 AMP. DE 5ML  -  B/1FL DE 10ML  -  B/1FL. DE 20ML),INDE,N/A,N/A
,https://www.pharmnet-dz.com//medic.aspx?id=1024,,IMUSPORIN,05B047,SOL. INJ.,Cliquez ici,FL./50ML,Prod locale : Non,5-FLUOROURACIL EBEWE 50MG/ML**  (OU 250MG/5ML -  500MG/10ML -  1000MG/20ML) SOL INJ B/5 AMP. DE 5ML  -  B/1FL DE 10ML  -  B/1FL. DE 20ML),INDE,N/A,N/A
,https://www.pharmnet-dz.com//medic.aspx?id=1027,,IMUSPORIN,05B048,CAPS.,Cliquez ici,B/50,Prod locale : Non,5-FLUOROURACIL EBEWE 50MG/ML**  (OU 250MG/5ML -  500MG/10ML -  1000MG/20ML) SOL INJ B/5 AMP. DE 5ML  -  B/1FL DE 10ML  -  B/1FL. DE 20ML),INDE,N/A,N/A
,https://www.pharmnet-dz.com//medic.aspx?id=1031,,IMUSPORIN,05B082,CAPS.,Cliquez ici,B/50,Prod locale : Non,5-FLUOROURACIL EBEWE 50MG/ML**  (OU 250MG/5ML -  500MG/10ML -  1000MG/20ML) SOL INJ B/5 AMP. DE 5ML  -  B/1FL DE 10ML  -  B/1FL. DE 20ML),INDE,N/A,N/A
,https://www.pharmnet-dz.com//medic.aspx?id=858,,IMUZOLE,13F039,COMP. PELLI.,Cliquez ici,B/20,Prod locale : Oui,AMODEX-Gé 250MG/5ML PDRE. P. SUSP. BUV. FL/60ML,ALGERIE,107 DA,146.00 DA
,https://www.pharmnet-dz.com//medic.aspx?id=870,,IMUZOLE,13F199,COMP. PELLI.,Cliquez ici,B/20,Prod locale : Oui,AMODEX-Gé 250MG/5ML PDRE. P. SUSP. BUV. FL/60ML,ALGERIE,160 DA,160.00 DA
,https://www.pharmnet-dz.com//medic.aspx?id=4589,,IMUZOLE,11A002,OVULE,Cliquez ici,B/10,Prod locale : Non,"DESIRETT 0,075MG COMP. PELL B/28",ALGERIE,0 DA,DA
,https://www.pharmnet-dz.com//medic.aspx?id=1220,,INAGRA,25N045,COMP. PELLI.,Cliquez ici,B/02 ET B/10,Prod locale : Oui,ERECTA 50MG   COMPRIME PELLICULE  B/10,ALGERIE,N/A,1074.00 DA
,https://www.pharmnet-dz.com//medic.aspx?id=3533,,INCIVO,13P469,COMP. PELLI.,Cliquez ici,B/01 FL DE 42 COMP,Prod locale : Oui,AMODEX-Gé 250MG/5ML PDRE. P. SUSP. BUV. FL/60ML,BELGIQUE,0 DA,DA
,https://www.pharmnet-dz.com//medic.aspx?id=3211,,JACE,06E276,COMP. PELLI.,Cliquez ici,B/30,Prod locale : Oui,AMLIBON 10MG COMP. B/30 ET B/90,ARABIE SAOUDITE,285 DA,N/A
,https://www.pharmnet-dz.com//medic.aspx?id=3727,,JANUVIA,14A342,COMP. PELLI.,Cliquez ici,B/28,Prod locale : Oui,CALCIDOSE VITAMINE D 400UI/500MG/SACHET PDRE. ORALE  B/30 SACHETS,ROYAUME UNI,0 DA,DA
,https://www.pharmnet-dz.com//medic.aspx?id=3059,,JASMINE,11H078,COMP. PELLI.,Cliquez ici,B/21,Prod locale : Non,"DESIRETT 0,075MG COMP. PELL B/28",ALLEMAGNE,0 DA,N/A
,https://www.pharmnet-dz.com//medic.aspx?id=29,,JEVTANA,05G177,SOL. PERF.,Cliquez ici,"B/01 FL. DE 1,5ML DE SOL. A DILUER + 01 FL. DE 4,5ML DE SOLVANT (ETHANOL 96°, EPPI)",Prod locale : Non,5-FLUOROURACIL EBEWE 50MG/ML**  (OU 250MG/5ML -  500MG/10ML -  1000MG/20ML) SOL INJ B/5 AMP. DE 5ML  -  B/1FL DE 10ML  -  B/1FL. DE 20ML),FRANCE,0 DA,DA
,https://www.pharmnet-dz.com//medic.aspx?id=810,,JOSACINE,13E188,GRLES. SOL. BUV.,Cliquez ici,B/01 FL. DE 15G CORRESPONDANT A 60ML DE SUSP. RECONSTITUEE AVEC SERINGUE P. ADMINISTRATION ORALE,Prod locale : Oui,AMODEX-Gé 250MG/5ML PDRE. P. SUSP. BUV. FL/60ML,FRANCE,351 DA,N/A
,https://www.pharmnet-dz.com//medic.aspx?id=813,,JOSACINE,13E191,PDRE. SOL. BUV.,Cliquez ici,B/12,Prod locale : Oui,AMODEX-Gé 250MG/5ML PDRE. P. SUSP. BUV. FL/60ML,FRANCE,0 DA,N/A
,https://www.pharmnet-dz.com//medic.aspx?id=811,,JOSACINE,13E189,GRLES. SOL. BUV.,Cliquez ici,B/01 FL. DE 15G CORRESPONDANT A 60ML DE SUSP. RECONSTITUEE AVEC SERINGUE P. ADMINISTRATION ORALE,Prod locale : Oui,AMODEX-Gé 250MG/5ML PDRE. P. SUSP. BUV. FL/60ML,FRANCE,639 DA,N/A
,https://www.pharmnet-dz.com//medic.aspx?id=815,,JOSACINE,13E202,COMP. PELLI.,Cliquez ici,B/20,Prod locale : Oui,AMODEX-Gé 250MG/5ML PDRE. P. SUSP. BUV. FL/60ML,FRANCE,1043 DA,N/A
,https://www.pharmnet-dz.com//medic.aspx?id=814,,JOSACINE,13E192,PDRE. SOL. BUV.,Cliquez ici,B/12,Prod locale : Oui,AMODEX-Gé 250MG/5ML PDRE. P. SUSP. BUV. FL/60ML,FRANCE,0 DA,N/A
,https://www.pharmnet-dz.com//medic.aspx?id=3735,,JUSLINE 30/70,14B192,SUSP. INJ.,Cliquez ici,B/01FL./10ML,Prod locale : Oui,CALCIDOSE VITAMINE D 400UI/500MG/SACHET PDRE. ORALE  B/30 SACHETS,EMIRATS ARABES UNIS,0 DA,N/A
,https://www.pharmnet-dz.com//medic.aspx?id=3741,,JUSLINE N,14B193,SUSP. INJ.,Cliquez ici,B/1L. DE 10ML,Prod locale : Oui,CALCIDOSE VITAMINE D 400UI/500MG/SACHET PDRE. ORALE  B/30 SACHETS,EMIRATS ARABES UNIS,0 DA,N/A
,https://www.pharmnet-dz.com//medic.aspx?id=6043,,KADCYLA,05D203,SOL. PERF.,Cliquez ici,B/01 FL.100MG DE PDRE (100MG/5ML),Prod locale : Non,5-FLUOROURACIL EBEWE 50MG/ML**  (OU 250MG/5ML -  500MG/10ML -  1000MG/20ML) SOL INJ B/5 AMP. DE 5ML  -  B/1FL DE 10ML  -  B/1FL. DE 20ML),SUISSE,00 DA,DA
,https://www.pharmnet-dz.com//medic.aspx?id=6044,,KADCYLA,05D203,SOL. PERF.,Cliquez ici,B/01 FL. 160MG ( 160MG/8ML),Prod locale : Non,5-FLUOROURACIL EBEWE 50MG/ML**  (OU 250MG/5ML -  500MG/10ML -  1000MG/20ML) SOL INJ B/5 AMP. DE 5ML  -  B/1FL DE 10ML  -  B/1FL. DE 20ML),SUISSE,00 DA,DA
,https://www.pharmnet-dz.com//medic.aspx?id=3366,,KALIGON,14G061,SIROP,Cliquez ici,FL/120ML,Prod locale : Oui,CALCIDOSE VITAMINE D 400UI/500MG/SACHET PDRE. ORALE  B/30 SACHETS,ALGERIE,196 DA,196 DA
,https://www.pharmnet-dz.com//medic.aspx?id=5867,,KALIPACK,14G059,SOL. INJ.,Cliquez ici,10ML,Prod locale : Oui,CALCIDOSE VITAMINE D 400UI/500MG/SACHET PDRE. ORALE  B/30 SACHETS,ALGERIE,00 DA,DA
,https://www.pharmnet-dz.com//medic.aspx?id=2211,,KANISAR,16D066,GLES.,Cliquez ici,B/30,Prod locale : Non,XEPLION 100MG/ML SUSP INJ LP B/01  SER PRE-REMP DE 0.75 ML(75 MG/0.75ML) ET 02 AIGUILLES,ALGERIE,140 DA,N/A
,https://www.pharmnet-dz.com//medic.aspx?id=5926,,KAPTIRON,24D017,COMP. DISPERS.,Cliquez ici,B/90,Prod locale : Non,KAPTIRON 125MG COMP. DISPERS. B/30,ALGERIE,-- DA,DA
,https://www.pharmnet-dz.com//medic.aspx?id=5924,,KAPTIRON,24D017,COMP. DISPERS.,Cliquez ici,B/30,Prod locale : Non,KAPTIRON 125MG COMP. DISPERS.  B/90,ALGERIE,-- DA,DA
,https://www.pharmnet-dz.com//medic.aspx?id=5927,,KAPTIRON,24D018,COMP. DISPERS.,Cliquez ici,B/30,Prod locale : Non,KAPTIRON 125MG COMP. DISPERS.  B/90,ALGERIE,-- DA,DA
,https://www.pharmnet-dz.com//medic.aspx?id=5928,,KAPTIRON,24D018,COMP. DISPERS.,Cliquez ici,B/90,Prod locale : Non,KAPTIRON 125MG COMP. DISPERS.  B/90,ALGERIE,-- DA,DA
,https://www.pharmnet-dz.com//medic.aspx?id=5930,,KAPTIRON,24D019,COMP. DISPERS.,Cliquez ici,B/90,Prod locale : Non,KAPTIRON 125MG COMP. DISPERS.  B/90,ALLEMAGNE,00 DA,DA
,https://www.pharmnet-dz.com//medic.aspx?id=5929,,KAPTIRON,24D019,COMP. DISPERS.,Cliquez ici,B/30,Prod locale : Non,KAPTIRON 125MG COMP. DISPERS.  B/90,ALGERIE,00 DA,DA
,https://www.pharmnet-dz.com//medic.aspx?id=5716,,KAPTOFER,24D017,COMP. DISPERS.,Cliquez ici,B/30 ET B/90,Prod locale : Non,KAPTIRON 125MG COMP. DISPERS.  B/90,ALGERIE,0 DA,DA
,https://www.pharmnet-dz.com//medic.aspx?id=4696,,KAPTOFER,24D018,COMP. DISPERS.,Cliquez ici,B/30 ET B/90,Prod locale : Non,KAPTIRON 125MG COMP. DISPERS.  B/90,ALGERIE,0 DA,0 DA
,https://www.pharmnet-dz.com//medic.aspx?id=5713,,KAPTOFER,24D019,COMP. DISPERS.,Cliquez ici,B/30 ET B/90,Prod locale : Non,KAPTIRON 125MG COMP. DISPERS.  B/90,ALGERIE,0 DA,DA
,https://www.pharmnet-dz.com//medic.aspx?id=1709,,KARDEGIC,12A144,PDRE. SOL. BUV.,Cliquez ici,B/30 SACHETS DOSE,Prod locale : Oui,ADCETRIS 50 MG / ML  POUDRE POUR SOLUTION A DILUER POUR PERFUSION  B/01 FLACON,FRANCE,127.2 DA,N/A
,https://www.pharmnet-dz.com//medic.aspx?id=1707,,KARDEGIC,12A143,PDRE. SOL. BUV.,Cliquez ici,B/30,Prod locale : Oui,ADCETRIS 50 MG / ML  POUDRE POUR SOLUTION A DILUER POUR PERFUSION  B/01 FLACON,FRANCE,59.4 DA,N/A
,https://www.pharmnet-dz.com//medic.aspx?id=3327,,KAYEXALATE,14D022,PDRE. SUSP. ORALE et REC,Cliquez ici,B/454G,Prod locale : Oui,CALCIDOSE VITAMINE D 400UI/500MG/SACHET PDRE. ORALE  B/30 SACHETS,FRANCE,0 DA,2391.00 DA
,https://www.pharmnet-dz.com//medic.aspx?id=935,,KEFENTECH,04B049,PATCH,Cliquez ici,SACHET DE 07,Prod locale : Oui,APONIL 100MG COMP. SEC. B/20,COREE,166.18 DA,205.00 DA
,https://www.pharmnet-dz.com//medic.aspx?id=1897,,KEFORAL,13B011,GRLES. SOL. BUV.,Cliquez ici,FL/100ML,Prod locale : Oui,AMODEX-Gé 250MG/5ML PDRE. P. SUSP. BUV. FL/60ML,SUISSE,154 DA,N/A
,https://www.pharmnet-dz.com//medic.aspx?id=1927,,KEFORAL,13B156,PDRE. SOL. BUV.,Cliquez ici,FL/60ML,Prod locale : Oui,AMODEX-Gé 250MG/5ML PDRE. P. SUSP. BUV. FL/60ML,SUISSE,186.6 DA,383.00 DA
,https://www.pharmnet-dz.com//medic.aspx?id=1890,,KEFORAL,13B010,COMP. PELLI.,Cliquez ici,B/12,Prod locale : Oui,AMODEX-Gé 250MG/5ML PDRE. P. SUSP. BUV. FL/60ML,ALGERIE,313 DA,N/A
,https://www.pharmnet-dz.com//medic.aspx?id=1152,,KELFER-250,24D022,GLES.,Cliquez ici,B/50,Prod locale : Non,KAPTIRON 125MG COMP. DISPERS.  B/90,INDE,0 DA,N/A
,https://www.pharmnet-dz.com//medic.aspx?id=4601,,KELOSIROX,24D018,COMP. DISPERS.,Cliquez ici,B/30,Prod locale : Non,KAPTIRON 125MG COMP. DISPERS.  B/90,ALGERIE,DA,N/A
,https://www.pharmnet-dz.com//medic.aspx?id=3758,,KENACORT RETARD,09H091,SUSP. INJ.,Cliquez ici,B/1AMP. DE 1ML + 1SERING. DE 5ML,Prod locale : Non,CORTIPRED 20MG COMP. EFFERV. B/20,FRANCE,247 DA,N/A
,https://www.pharmnet-dz.com//medic.aspx?id=3882,,KENZOPRAZOL,10A180,GLES. A MICROG. GASTRORESIST.,Cliquez ici,B/20,Prod locale : Oui,DIARFAN 10 mg Racécadotril PDRE.SOL.BUV 16 Sachets,ALGERIE,280 DA,N/A
,https://www.pharmnet-dz.com//medic.aspx?id=2454,,KEPAM,15A100,SIROP,Cliquez ici,"FL./125ML - FL./200ML - FL./300ML (+BOUCHON DE SECURITE ENFANT+PIPETTE GRADUEE DE 2ML,5ML,ET 10ML)",Prod locale : Oui,"DOPREXOL 0,375 MG COMPRIME A LIBERATION PROLONGEE B/30",ALGERIE,1411 DA,3900.00 DA
,https://www.pharmnet-dz.com//medic.aspx?id=2437,,KEPAM,15A072,COMP. PELLI.,Cliquez ici,B/60,Prod locale : Oui,"DOPREXOL 0,375 MG COMPRIME A LIBERATION PROLONGEE B/30",ALGERIE,0 DA,1771.00 DA
,https://www.pharmnet-dz.com//medic.aspx?id=2441,,KEPAM,15A073,COMP. PELLI.,Cliquez ici,B/60,Prod locale : Oui,"DOPREXOL 0,375 MG COMPRIME A LIBERATION PROLONGEE B/30",ALGERIE,3300 DA,3300.00 DA
,https://www.pharmnet-dz.com//medic.aspx?id=2489,,KEPNIROL,15D097,COMP. PELLI.,Cliquez ici,B/20,Prod locale : Oui,"DOPREXOL 0,375 MG COMPRIME A LIBERATION PROLONGEE B/30",ALGERIE,398.5 DA,N/A
,https://www.pharmnet-dz.com//medic.aspx?id=2490,,KEPNIROL,15D098,COMP. PELLI.,Cliquez ici,B/20,Prod locale : Oui,"DOPREXOL 0,375 MG COMPRIME A LIBERATION PROLONGEE B/30",ALGERIE,0 DA,815.00 DA
,https://www.pharmnet-dz.com//medic.aspx?id=2438,,KEPPRA,15A072,COMP. PELLI.,Cliquez ici,B/60,Prod locale : Oui,"DOPREXOL 0,375 MG COMPRIME A LIBERATION PROLONGEE B/30",BELGIQUE,1171.8 DA,N/A
,https://www.pharmnet-dz.com//medic.aspx?id=2006,,KERATYL,17K075,COLLY.,Cliquez ici,FL/5ML,Prod locale : Oui,CROPINE 0.5% COLLY. EN SOL. FL./10ML,FRANCE,0 DA,N/A
,https://www.pharmnet-dz.com//medic.aspx?id=4053,,KETAMILE,02B009,SOL. INJ.,Cliquez ici,B/01FL. DE 10ML,Prod locale : Non,ATACURE 10MG/ML (50MG/5ML) SOL. INJ. IV B/05AMP DE 5ML,ALGERIE,N/A,N/A
,https://www.pharmnet-dz.com//medic.aspx?id=4052,,KETAMINE,02B008,SOL. INJ.,Cliquez ici,B/20FL. DE 20ML,Prod locale : Non,ATACURE 10MG/ML (50MG/5ML) SOL. INJ. IV B/05AMP DE 5ML,CUBA,N/A,N/A
,https://www.pharmnet-dz.com//medic.aspx?id=828,,KETEK,13E263,COMP. PELLI.,Cliquez ici,B/10 ET B/14,Prod locale : Oui,AMODEX-Gé 250MG/5ML PDRE. P. SUSP. BUV. FL/60ML,FRANCE,0 DA,DA
,https://www.pharmnet-dz.com//medic.aspx?id=5808,,KETOCONAZOLE NOVAGENERICS,07D141,SHAMPOING,Cliquez ici,FL/100ML,Prod locale : Oui,ADAFERIN GEL DERMIQUE 0.1%,ALGERIE,"458,00 DA","458,00 DA"
,https://www.pharmnet-dz.com//medic.aspx?id=454,,KETOCONAZOLE NOVAGENERICS,07D029,GEL MOUSSANT,Cliquez ici,T/20G,Prod locale : Oui,ADAFERIN GEL DERMIQUE 0.1%,ALGERIE,0 DA,DA
,https://www.pharmnet-dz.com//medic.aspx?id=5841,,LABROXIN,11E019,SOL. INJ.,Cliquez ici,"B/06 AMP. DE 0,5 ML",Prod locale : Non,"DESIRETT 0,075MG COMP. PELL B/28",JORDANIE,00 DA,DA
,https://www.pharmnet-dz.com//medic.aspx?id=2014,,LACRIFLUID,17N156,COLLY.,Cliquez ici,FL. COMPTE GTTES. DE 10G,Prod locale : Oui,CROPINE 0.5% COLLY. EN SOL. FL./10ML,MONACO,0 DA,DA
,https://www.pharmnet-dz.com//medic.aspx?id=2008,,LACRINORM,17K133,GEL. OPHT.,Cliquez ici,T/10G,Prod locale : Oui,CROPINE 0.5% COLLY. EN SOL. FL./10ML,FRANCE,0 DA,DA
,https://www.pharmnet-dz.com//medic.aspx?id=1963,,LACRYMASEPTINE,17E037,COLLY.,Cliquez ici,B/8DOSES (FL.10ML),Prod locale : Oui,CROPINE 0.5% COLLY. EN SOL. FL./10ML,FRANCE,N/A,N/A
,https://www.pharmnet-dz.com//medic.aspx?id=2933,,LACTULOSE AGD,10L062,SOL. BUV.,Cliquez ici,FL/200ML+GODET GRADUE EN ML,Prod locale : Oui,DIARFAN 10 mg Racécadotril PDRE.SOL.BUV 16 Sachets,ALGERIE,N/A,N/A
,https://www.pharmnet-dz.com//medic.aspx?id=2934,,LACTULOSE LPA,10L062,SOL. BUV.,Cliquez ici,FL./200ML,Prod locale : Oui,DIARFAN 10 mg Racécadotril PDRE.SOL.BUV 16 Sachets,ALGERIE,172 DA,N/A
,https://www.pharmnet-dz.com//medic.aspx?id=2938,,LACTULOSE MYLAN,10L097,SOL. BUV. SACHET,Cliquez ici,B/20SACHETS DE 15ML,Prod locale : Oui,DIARFAN 10 mg Racécadotril PDRE.SOL.BUV 16 Sachets,FRANCE,172 DA,N/A
,https://www.pharmnet-dz.com//medic.aspx?id=639,,LADERZONE,09H020,SOL. BUV. GTTES.,Cliquez ici,FL. COMPTE GTTES. DE 30ML,Prod locale : Non,CORTIPRED 20MG COMP. EFFERV. B/20,ALGERIE,0 DA,DA
,https://www.pharmnet-dz.com//medic.aspx?id=3443,,LADOSCORBINE,14H115,COMP. A CROQ.,Cliquez ici,B/12,Prod locale : Oui,CALCIDOSE VITAMINE D 400UI/500MG/SACHET PDRE. ORALE  B/30 SACHETS,ALGERIE,0 DA,DA
,https://www.pharmnet-dz.com//medic.aspx?id=462,,LAMIDAZ,07D094,CRÈME,Cliquez ici,T/15G,Prod locale : Oui,ADAFERIN GEL DERMIQUE 0.1%,ALGERIE,210 DA,210 DA
,https://www.pharmnet-dz.com//medic.aspx?id=3559,,LAMIDAZ,13R172,COMP. SEC.,Cliquez ici,B/20,Prod locale : Oui,AMODEX-Gé 250MG/5ML PDRE. P. SUSP. BUV. FL/60ML,ALGERIE,1500 DA,1500 DA
,https://www.pharmnet-dz.com//medic.aspx?id=920,,LAMIFENE,04B042,SOL. BUV.,Cliquez ici,FL./125ML + PIPETTE GRADUEE,Prod locale : Oui,APONIL 100MG COMP. SEC. B/20,ALGERIE,123 DA,N/A
,https://www.pharmnet-dz.com//medic.aspx?id=6130,,LAMIHOPEZ,13P227,COMP. PELLI.,Cliquez ici,B/60,Prod locale : Oui,AMODEX-Gé 250MG/5ML PDRE. P. SUSP. BUV. FL/60ML,INDE,--- DA,DA
,https://www.pharmnet-dz.com//medic.aspx?id=3560,,LAMINOX,13R172,COMP. SEC.,Cliquez ici,B/14,Prod locale : Oui,AMODEX-Gé 250MG/5ML PDRE. P. SUSP. BUV. FL/60ML,TURQUIE,1050 DA,N/A
,https://www.pharmnet-dz.com//medic.aspx?id=478,,LAMISIL,07D156,SOL. APP. LOCALE,Cliquez ici,FL./15ML,Prod locale : Oui,ADAFERIN GEL DERMIQUE 0.1%,FRANCE,210 DA,DA
,https://www.pharmnet-dz.com//medic.aspx?id=480,,LAMISIL DERMGEL,07D158,GEL,Cliquez ici,T/15G,Prod locale : Oui,ADAFERIN GEL DERMIQUE 0.1%,FRANCE,210 DA,0 DA
,https://www.pharmnet-dz.com//medic.aspx?id=481,,LAMISILATE MONODOSE,07D178,SOL. APP. LOCALE,Cliquez ici,T/4G,Prod locale : Oui,ADAFERIN GEL DERMIQUE 0.1%,FRANCE,0 DA,DA
,https://www.pharmnet-dz.com//medic.aspx?id=6185,,LAMISOLONE,09H144,COMP. ORODISPERS.,Cliquez ici,B/20,Prod locale : Non,CORTIPRED 20MG COMP. EFFERV. B/20,ALGERIE,392.00 DA,DA
,https://www.pharmnet-dz.com//medic.aspx?id=6184,,LAMISOLONE,09H143,COMP. ORODISPERS.,Cliquez ici,B/30,Prod locale : Non,CORTIPRED 20MG COMP. EFFERV. B/20,ALGERIE,257.40 DA,N/A
,https://www.pharmnet-dz.com//medic.aspx?id=2403,,LAMITOR,15A051,COMP. DISPERS.,Cliquez ici,B/30,Prod locale : Oui,"DOPREXOL 0,375 MG COMPRIME A LIBERATION PROLONGEE B/30",ALGERIE,1474 DA,DA
,https://www.pharmnet-dz.com//medic.aspx?id=436,,LAMIVIR,13P237,SOL. BUV.,Cliquez ici,FL/100ML,Prod locale : Oui,AMODEX-Gé 250MG/5ML PDRE. P. SUSP. BUV. FL/60ML,INDE,N/A,N/A
,https://www.pharmnet-dz.com//medic.aspx?id=5947,,LAMIVUDINE MYLAN,13P236,COMP. PELLI.,Cliquez ici,B/60,Prod locale : Oui,AMODEX-Gé 250MG/5ML PDRE. P. SUSP. BUV. FL/60ML,INDE,00 DA,DA
,https://www.pharmnet-dz.com//medic.aspx?id=2452,,LAMOGINE,15A090,COMP. SEC.,Cliquez ici,B/30,Prod locale : Oui,"DOPREXOL 0,375 MG COMPRIME A LIBERATION PROLONGEE B/30",JORDANIE,1702.5 DA,1702.00 DA
,https://www.pharmnet-dz.com//medic.aspx?id=2412,,LAMOGINE,15A064,COMP. SEC.,Cliquez ici,B/30,Prod locale : Oui,"DOPREXOL 0,375 MG COMPRIME A LIBERATION PROLONGEE B/30",JORDANIE,1105.2 DA,1105.00 DA
,https://www.pharmnet-dz.com//medic.aspx?id=2409,,LAMOTRIGINE BEKER,15A053,COMP. DISPERS.,Cliquez ici,B/56,Prod locale : Oui,"DOPREXOL 0,375 MG COMPRIME A LIBERATION PROLONGEE B/30",ALGERIE,3994.48 DA,3175.66 DA
,https://www.pharmnet-dz.com//medic.aspx?id=2406,,LAMOTRIGINE BEKER,15A052,COMP. DISPERS.,Cliquez ici,B/56,Prod locale : Oui,"DOPREXOL 0,375 MG COMPRIME A LIBERATION PROLONGEE B/30",ALGERIE,1594.88 DA,1383.70 DA
,https://www.pharmnet-dz.com//medic.aspx?id=4426,,LAMOTRIGINE BEKER,15A051,COMP. DISPERS.,Cliquez ici,B/30,Prod locale : Oui,"DOPREXOL 0,375 MG COMPRIME A LIBERATION PROLONGEE B/30",ALGERIE,479 DA,479.4 DA
,https://www.pharmnet-dz.com//medic.aspx?id=1523,,LAMOVEN,06K108,COMP.,Cliquez ici,B/30,Prod locale : Oui,AMLIBON 10MG COMP. B/30 ET B/90,ALGERIE,N/A,N/A
,https://www.pharmnet-dz.com//medic.aspx?id=315,,LAMOXYL,13G230,COMP. DISPERS.,Cliquez ici,B/14,Prod locale : Oui,AMODEX-Gé 250MG/5ML PDRE. P. SUSP. BUV. FL/60ML,ALGERIE,316.82 DA,N/A
,https://www.pharmnet-dz.com//medic.aspx?id=231,,LAMOXYL,13G047,PDRE. SUSP. BUV.,Cliquez ici,FL./60ML,Prod locale : Oui,AMODEX-Gé 250MG/5ML PDRE. P. SUSP. BUV. FL/60ML,ALGERIE,132 DA,N/A
,https://www.pharmnet-dz.com//medic.aspx?id=888,,LAMOXYL,13G045,GLES.,Cliquez ici,B/12,Prod locale : Oui,AMODEX-Gé 250MG/5ML PDRE. P. SUSP. BUV. FL/60ML,ALGERIE,139.32 DA,N/A
,https://www.pharmnet-dz.com//medic.aspx?id=304,,LAMOXYL,13G220,PDRE. SOL. BUV.,Cliquez ici,B/1FL. DE 60ML DE SUSP. APRES RECONST.,Prod locale : Oui,AMODEX-Gé 250MG/5ML PDRE. P. SUSP. BUV. FL/60ML,ALGERIE,205.2 DA,N/A
,https://www.pharmnet-dz.com//medic.aspx?id=964,,LAMYLASE,04C027,SIROP,Cliquez ici,FL./100ML,Prod locale : Oui,APONIL 100MG COMP. SEC. B/20,ALGERIE,N/A,N/A
,https://www.pharmnet-dz.com//medic.aspx?id=6272,,LANSOPOMP,10A188,GLES. A MICROG. GASTRORESIST.,Cliquez ici,BT/30 GLES. Gastrorésistantes,Prod locale : Oui,DIARFAN 10 mg Racécadotril PDRE.SOL.BUV 16 Sachets,ALGERIE,1 DA,N/A
,https://www.pharmnet-dz.com//medic.aspx?id=6273,,LANSOPOMP,10A167,GLES. A MICROG. GASTRORESIST.,Cliquez ici,BT/30 GLES. Gastrorésistantes,Prod locale : Oui,DIARFAN 10 mg Racécadotril PDRE.SOL.BUV 16 Sachets,ALGERIE,1 DA,N/A
,https://www.pharmnet-dz.com//medic.aspx?id=4337,,N PLATE,12L179,PDRE. SOL. INJ.,Cliquez ici,B/01 FL. DE PDRE.,Prod locale : Oui,ADCETRIS 50 MG / ML  POUDRE POUR SOLUTION A DILUER POUR PERFUSION  B/01 FLACON,Commercialisation:,00 DA,DA
,https://www.pharmnet-dz.com//medic.aspx?id=1855,,N PLATE,12L180,PDRE. INJ.,Cliquez ici,B/01 FL. DE PDRE.,Prod locale : Oui,ADCETRIS 50 MG / ML  POUDRE POUR SOLUTION A DILUER POUR PERFUSION  B/01 FLACON,Commercialisation:,0 DA,DA
,https://www.pharmnet-dz.com//medic.aspx?id=2343,,NAAXIA,17B100,COLLY. SOL.,Cliquez ici,FL/5ML,Prod locale : Oui,CROPINE 0.5% COLLY. EN SOL. FL./10ML,FRANCE,227 DA,DA
,https://www.pharmnet-dz.com//medic.aspx?id=2097,,NABUTIL,20A021,COMP.,Cliquez ici,B/50,Prod locale : Non,"CARBOMEX 0,05 SOL BUV FL/150ML +GOBLET DOSEUR DE 150 ML",ITALIE,0 DA,N/A
,https://www.pharmnet-dz.com//medic.aspx?id=3749,,NADCORTYL,09H038,COMP. SEC.,Cliquez ici,B/30,Prod locale : Non,CORTIPRED 20MG COMP. EFFERV. B/20,ALGERIE,150 DA,DA
,https://www.pharmnet-dz.com//medic.aspx?id=4238,,NADEC,01A003,COMP. SEC.,Cliquez ici,B/15,Prod locale : Oui,"BETAMETHASONE novagenerics®  2 mg,  comprimé dispersible sécable boite de 20",ALGERIE,90 DA,DA
,https://www.pharmnet-dz.com//medic.aspx?id=1393,,NADLORIC,21B007,COMP.,Cliquez ici,B/30,Prod locale : Oui,ACTEMRA   20MG/ML/FLACON  CONCENTRE POUR SOLUTION A DILUER POUR PERFUSION IV  BOITE DE 1 FLACON DE  20ml( 400 mg/20ml),ALGERIE,194.6 DA,N/A
,https://www.pharmnet-dz.com//medic.aspx?id=1493,,NAFTIRETARD LP,06J101,COMP. PELLI. LP,Cliquez ici,B/20,Prod locale : Oui,AMLIBON 10MG COMP. B/30 ET B/90,ALGERIE,395.20 DA,520.93 DA
,https://www.pharmnet-dz.com//medic.aspx?id=3480,,NAGLAZYME,14N331,SOL. PERF.,Cliquez ici,B/1FL. DE 5ML,Prod locale : Oui,CALCIDOSE VITAMINE D 400UI/500MG/SACHET PDRE. ORALE  B/30 SACHETS,ROYAUME UNI,0 DA,DA
,https://www.pharmnet-dz.com//medic.aspx?id=3273,,NAGOXIN,06G079,COMP. SEC.,Cliquez ici,B/30,Prod locale : Oui,AMLIBON 10MG COMP. B/30 ET B/90,ALGERIE,156.60 DA,156.60 DA
,https://www.pharmnet-dz.com//medic.aspx?id=1144,,NALOXONE,24B016,SOL. INJ.,Cliquez ici,B/10AMP.  DE 1ML,Prod locale : Non,KAPTIRON 125MG COMP. DISPERS.  B/90,FRANCE,N/A,N/A
,https://www.pharmnet-dz.com//medic.aspx?id=2754,,NAPROLGIC,04B019,COMP. PELLI.,Cliquez ici,B/30,Prod locale : Oui,APONIL 100MG COMP. SEC. B/20,ALGERIE,314 DA,N/A
,https://www.pharmnet-dz.com//medic.aspx?id=4463,,NAPROLGIC,04B020,COMP. SEC.,Cliquez ici,B/16,Prod locale : Oui,APONIL 100MG COMP. SEC. B/20,ALGERIE,347 DA,DA
,https://www.pharmnet-dz.com//medic.aspx?id=4689,,NAPROX,04B019,COMP. PELLI.,Cliquez ici,B/20,Prod locale : Oui,APONIL 100MG COMP. SEC. B/20,ALGERIE,210 DA,DA
,https://www.pharmnet-dz.com//medic.aspx?id=5740,,NAPROX,04B020,COMP. PELLI.,Cliquez ici,B/10,Prod locale : Oui,APONIL 100MG COMP. SEC. B/20,ALGERIE,217 DA,DA
,https://www.pharmnet-dz.com//medic.aspx?id=1413,,NAQUINE,21D020,COMP. PELLI.,Cliquez ici,B/30,Prod locale : Oui,ACTEMRA   20MG/ML/FLACON  CONCENTRE POUR SOLUTION A DILUER POUR PERFUSION IV  BOITE DE 1 FLACON DE  20ml( 400 mg/20ml),ITALIE,0 DA,N/A
,https://www.pharmnet-dz.com//medic.aspx?id=2470,,NARAMIG,15B054,…,Cliquez ici,B/6,Prod locale : Oui,"DOPREXOL 0,375 MG COMPRIME A LIBERATION PROLONGEE B/30",ROYAUME UNI,1257.9 DA,DA
,https://www.pharmnet-dz.com//medic.aspx?id=2755,,NAREX,04B019,COMP. PELLI.,Cliquez ici,B/10,Prod locale : Oui,APONIL 100MG COMP. SEC. B/20,ALGERIE,104.8 DA,N/A
,https://www.pharmnet-dz.com//medic.aspx?id=913,,NARUFENE 2%,04B042,SOL. BUV.,Cliquez ici,B/1FL. DE 125ML,Prod locale : Oui,APONIL 100MG COMP. SEC. B/20,ALGERIE,123 DA,DA
,https://www.pharmnet-dz.com//medic.aspx?id=2063,,NASABEC,20A004,SUSP.NAS.,Cliquez ici,B/01 FL. PULVERIS. DE 100 DOSES,Prod locale : Non,"CARBOMEX 0,05 SOL BUV FL/150ML +GOBLET DOSEUR DE 150 ML",ALGERIE,346 DA,N/A
,https://www.pharmnet-dz.com//medic.aspx?id=5920,,NASACET,22E028,SUSP.NAS.,Cliquez ici,FL/120 DOSES,Prod locale : Oui,"AVAMYS 27,50µG/DOSE SUSP. P. PULV. NAS. FL./120DOSES",ALLEMAGNE,829 DA,DA
,https://www.pharmnet-dz.com//medic.aspx?id=1940,,NASACORT,22E028,SPRAY NAS.,Cliquez ici,B/01FL. DE 120 PULVERISATIONS (15ML)  + POMPE DOSEUSE + EMBOUT NASAL,Prod locale : Oui,"AVAMYS 27,50µG/DOSE SUSP. P. PULV. NAS. FL./120DOSES",FRANCE,829 DA,N/A
,https://www.pharmnet-dz.com//medic.aspx?id=6322,,NASADOZE,22E028,SPRAY NAS.,Cliquez ici,Flacon pulvérisateur avec pompe à valve doseuse et embout nasal de 120 doses,Prod locale : Oui,"BETAMETHASONE novagenerics®  2 mg,  comprimé dispersible sécable boite de 20",ALGERIE,0 DA,"894,50  DA"
,https://www.pharmnet-dz.com//medic.aspx?id=6296,,NASALIX,22E028,SUSP.NAS.,Cliquez ici,B/01FL. DE 120 PULVERISATIONS (15ML) + POMPE DOSEUSE + EMBOUT NASAL,Prod locale : Oui,"AVAMYS 27,50µG/DOSE SUSP. P. PULV. NAS. FL./120DOSES",ALGERIE,829.20 DA,667.62 DA
,https://www.pharmnet-dz.com//medic.aspx?id=1942,,NASONEX,22E036,SPRAY NAS.,Cliquez ici,FL./120DOSES AVEC POMPE DOSEUSE,Prod locale : Oui,"AVAMYS 27,50µG/DOSE SUSP. P. PULV. NAS. FL./120DOSES",FRANCE,750 DA,N/A
,https://www.pharmnet-dz.com//medic.aspx?id=3983,,NATAZINE,01A009,COMP SEC.,Cliquez ici,B/14,Prod locale : Oui,"BETAMETHASONE novagenerics®  2 mg,  comprimé dispersible sécable boite de 20",ITALIE,56 DA,N/A
,https://www.pharmnet-dz.com//medic.aspx?id=2465,,NATIFEN,15B022,COMP. PELLI.,Cliquez ici,B/50,Prod locale : Oui,"DOPREXOL 0,375 MG COMPRIME A LIBERATION PROLONGEE B/30",ITALIE,N/A,N/A
,https://www.pharmnet-dz.com//medic.aspx?id=4277,,NATRIPACK,14G080,SOL. INJ.,Cliquez ici,B/50 AMPOULES DE 10ML,Prod locale : Oui,CALCIDOSE VITAMINE D 400UI/500MG/SACHET PDRE. ORALE  B/30 SACHETS,ALGERIE,DA,N/A
,https://www.pharmnet-dz.com//medic.aspx?id=1489,,NATRIXAL,06H163,COMP. PELLI. LP,Cliquez ici,B/30,Prod locale : Oui,AMLIBON 10MG COMP. B/30 ET B/90,ALGERIE,690 DA,N/A
,https://www.pharmnet-dz.com//medic.aspx?id=2908,,NAUSEDIUM,10F157,COMP. ORODISPERS.,Cliquez ici,B/30,Prod locale : Oui,DIARFAN 10 mg Racécadotril PDRE.SOL.BUV 16 Sachets,ALGERIE,195.3 DA,195.00 DA
,https://www.pharmnet-dz.com//medic.aspx?id=2878,,NAUSEDIUM,10F047,SOL. BUV.,Cliquez ici,FL./200ML + PIPETTE DOSEUSE,Prod locale : Oui,DIARFAN 10 mg Racécadotril PDRE.SOL.BUV 16 Sachets,ALGERIE,224 DA,N/A
,https://www.pharmnet-dz.com//medic.aspx?id=4358,,NAUSETRON,10F205,SUPPO.,Cliquez ici,B/02,Prod locale : Oui,DIARFAN 10 mg Racécadotril PDRE.SOL.BUV 16 Sachets,ALGERIE,1350 DA,DA
,https://www.pharmnet-dz.com//medic.aspx?id=998,,NAVELBINE,05A068,SOL. INJ.,Cliquez ici,B/10,Prod locale : Non,5-FLUOROURACIL EBEWE 50MG/ML**  (OU 250MG/5ML -  500MG/10ML -  1000MG/20ML) SOL INJ B/5 AMP. DE 5ML  -  B/1FL DE 10ML  -  B/1FL. DE 20ML),FRANCE,0 DA,DA
,https://www.pharmnet-dz.com//medic.aspx?id=13,,NAVELBINE,05G114,CAPS. MOLLE,Cliquez ici,B/1,Prod locale : Non,5-FLUOROURACIL EBEWE 50MG/ML**  (OU 250MG/5ML -  500MG/10ML -  1000MG/20ML) SOL INJ B/5 AMP. DE 5ML  -  B/1FL DE 10ML  -  B/1FL. DE 20ML),FRANCE,N/A,N/A
,https://www.pharmnet-dz.com//medic.aspx?id=14,,NAVELBINE,05G115,CAPS. MOLLE,Cliquez ici,B/1,Prod locale : Non,5-FLUOROURACIL EBEWE 50MG/ML**  (OU 250MG/5ML -  500MG/10ML -  1000MG/20ML) SOL INJ B/5 AMP. DE 5ML  -  B/1FL DE 10ML  -  B/1FL. DE 20ML),FRANCE,N/A,N/A
,https://www.pharmnet-dz.com//medic.aspx?id=6140,,O MAG,14G229,GLES.,Cliquez ici,B/30,Prod locale : Oui,CALCIDOSE VITAMINE D 400UI/500MG/SACHET PDRE. ORALE  B/30 SACHETS,ALGERIE,330 DA,DA
,https://www.pharmnet-dz.com//medic.aspx?id=1643,,O. ZN+,07A006,PDE.,Cliquez ici,T./40G,Prod locale : Oui,ADAFERIN GEL DERMIQUE 0.1%,ALGERIE,0 DA,N/A
,https://www.pharmnet-dz.com//medic.aspx?id=5987,,OCTAGAM,13V471,SOL. INJ. PERF.,Cliquez ici,B/1   FL DE 200 ML,Prod locale : Oui,AMODEX-Gé 250MG/5ML PDRE. P. SUSP. BUV. FL/60ML,AUTRICHE,00 DA,DA
,https://www.pharmnet-dz.com//medic.aspx?id=5983,,OCTAGAM,13V471,SOL. INJ. PERF.,Cliquez ici,B/1 FL DE 50 ML,Prod locale : Oui,AMODEX-Gé 250MG/5ML PDRE. P. SUSP. BUV. FL/60ML,AUTRICHE,00 DA,DA
,https://www.pharmnet-dz.com//medic.aspx?id=6234,,OCTAPLEX,12J191,SOL. PERF.,Cliquez ici,B/ 01 FL  DE PDRE + 01 FL DE SOLV DE 20ML,Prod locale : Oui,KAPTIRON 125MG COMP. DISPERS.  B/90,AUTRICHE,** DA,DA
,https://www.pharmnet-dz.com//medic.aspx?id=4317,,OCTREOTIDE BIOINDUSTRIA L.I.M,09P109,SOL. INJ.,Cliquez ici,B/10AMPOULES DE 1ML,Prod locale : Non,CORTIPRED 20MG COMP. EFFERV. B/20,ITALIE,8874.9 DA,DA
,https://www.pharmnet-dz.com//medic.aspx?id=4318,,OCTREOTIDE BIOINDUSTRIA L.I.M,09P110,SOL. INJ.,Cliquez ici,B/10AMPOULES DE 1ML,Prod locale : Non,CORTIPRED 20MG COMP. EFFERV. B/20,ITALIE,9468 DA,DA
,https://www.pharmnet-dz.com//medic.aspx?id=622,,OESTRODOSE,09G009,GEL. APP. LOCALE,Cliquez ici,FLACON AVEC POMPE DOSEUSE  DE 64 DOSES,Prod locale : Non,CORTIPRED 20MG COMP. EFFERV. B/20,FRANCE,0 DA,DA
,https://www.pharmnet-dz.com//medic.aspx?id=623,,OESTROGEL,09G009,GEL. APP. LOCALE,Cliquez ici,T/80 G,Prod locale : Non,CORTIPRED 20MG COMP. EFFERV. B/20,FRANCE,301.83 DA,N/A
,https://www.pharmnet-dz.com//medic.aspx?id=355,,OFLAX,13K086,COMP. PELLI.,Cliquez ici,B/10,Prod locale : Oui,AMODEX-Gé 250MG/5ML PDRE. P. SUSP. BUV. FL/60ML,ALGERIE,N/A,N/A
,https://www.pharmnet-dz.com//medic.aspx?id=393,,OFLAX,13K271,COMP.,Cliquez ici,B/10,Prod locale : Oui,AMODEX-Gé 250MG/5ML PDRE. P. SUSP. BUV. FL/60ML,ALGERIE,N/A,N/A
,https://www.pharmnet-dz.com//medic.aspx?id=358,,OFLO 200,13K087,SOL. INJ.,Cliquez ici,B/1FL. DE 40ML,Prod locale : Oui,AMODEX-Gé 250MG/5ML PDRE. P. SUSP. BUV. FL/60ML,ALGERIE,N/A,N/A
,https://www.pharmnet-dz.com//medic.aspx?id=356,,OFLOCET,13K086,COMP. PELLI.,Cliquez ici,B/10,Prod locale : Oui,AMODEX-Gé 250MG/5ML PDRE. P. SUSP. BUV. FL/60ML,FRANCE,N/A,N/A
,https://www.pharmnet-dz.com//medic.aspx?id=359,,OFLOCET,13K087,SOL. INJ.,Cliquez ici,FL/40ML,Prod locale : Oui,AMODEX-Gé 250MG/5ML PDRE. P. SUSP. BUV. FL/60ML,FRANCE,0 DA,DA
,https://www.pharmnet-dz.com//medic.aspx?id=360,,OFLOXACINE MYLAN,13K087,SOL. INJ.,Cliquez ici,B/20POCHES PVC DE 40ML,Prod locale : Oui,AMODEX-Gé 250MG/5ML PDRE. P. SUSP. BUV. FL/60ML,FRANCE,N/A,N/A
,https://www.pharmnet-dz.com//medic.aspx?id=1922,,OFRAMAX,13B019,PDRE. INJ.,Cliquez ici,B/1+1,Prod locale : Oui,AMODEX-Gé 250MG/5ML PDRE. P. SUSP. BUV. FL/60ML,INDE,N/A,N/A
,https://www.pharmnet-dz.com//medic.aspx?id=4201,,OKAGé,14J173,PDRE. SUSP. BUV.,Cliquez ici,B/10 SACHETS,Prod locale : Oui,CALCIDOSE VITAMINE D 400UI/500MG/SACHET PDRE. ORALE  B/30 SACHETS,ALGERIE,1313 DA,N/A
,https://www.pharmnet-dz.com//medic.aspx?id=2270,,OLANZA,16D099,COMP. PELLI.,Cliquez ici,B/28,Prod locale : Non,XEPLION 100MG/ML SUSP INJ LP B/01  SER PRE-REMP DE 0.75 ML(75 MG/0.75ML) ET 02 AIGUILLES,ALGERIE,2800.00 DA,2800.00 DA
,https://www.pharmnet-dz.com//medic.aspx?id=2281,,OLANZA ORO,16D101,COMP. ORODISPERS.,Cliquez ici,B/28,Prod locale : Non,XEPLION 100MG/ML SUSP INJ LP B/01  SER PRE-REMP DE 0.75 ML(75 MG/0.75ML) ET 02 AIGUILLES,ALGERIE,5600.00 DA,5600.00 DA
,https://www.pharmnet-dz.com//medic.aspx?id=4369,,OLANZA ORO,16D155,COMP. ORODISPERS.,Cliquez ici,B/30,Prod locale : Non,XEPLION 100MG/ML SUSP INJ LP B/01  SER PRE-REMP DE 0.75 ML(75 MG/0.75ML) ET 02 AIGUILLES,ALGERIE,3000 DA,3000 DA
,https://www.pharmnet-dz.com//medic.aspx?id=2273,,OLANZAPINE MM,16D100,COMP. PELLI.,Cliquez ici,B/07 ET B/28,Prod locale : Non,XEPLION 100MG/ML SUSP INJ LP B/01  SER PRE-REMP DE 0.75 ML(75 MG/0.75ML) ET 02 AIGUILLES,ALGERIE,1638 DA,5716.00 DA
,https://www.pharmnet-dz.com//medic.aspx?id=2274,,OLANZAPINE NAD,16D100,COMP. PELLI.,Cliquez ici,B/28,Prod locale : Non,XEPLION 100MG/ML SUSP INJ LP B/01  SER PRE-REMP DE 0.75 ML(75 MG/0.75ML) ET 02 AIGUILLES,ALGERIE,5600 DA,5600.00 DA
,https://www.pharmnet-dz.com//medic.aspx?id=2275,,OLANZEX,16D100,COMP. PELLI.,Cliquez ici,B/30,Prod locale : Non,XEPLION 100MG/ML SUSP INJ LP B/01  SER PRE-REMP DE 0.75 ML(75 MG/0.75ML) ET 02 AIGUILLES,ALGERIE,7020 DA,6000.00 DA
,https://www.pharmnet-dz.com//medic.aspx?id=3469,,OLICLINOMEL N4- 550E,14K322,EMULSION PERF.,Cliquez ici,POCHE/2000ML (3COMPART.800ML/800ML/400ML),Prod locale : Oui,CALCIDOSE VITAMINE D 400UI/500MG/SACHET PDRE. ORALE  B/30 SACHETS,FRANCE,0 DA,DA
,https://www.pharmnet-dz.com//medic.aspx?id=3199,,OLMETEC,06E260,COMP. PELLI.,Cliquez ici,B/30,Prod locale : Oui,AMLIBON 10MG COMP. B/30 ET B/90,FRANCE,0 DA,DA
,https://www.pharmnet-dz.com//medic.aspx?id=3200,,OLMETEC,06E261,COMP. PELLI.,Cliquez ici,B/30,Prod locale : Oui,AMLIBON 10MG COMP. B/30 ET B/90,FRANCE,0 DA,DA
,https://www.pharmnet-dz.com//medic.aspx?id=3201,,OLMETEC,06E262,COMP. PELLI.,Cliquez ici,B/30,Prod locale : Oui,AMLIBON 10MG COMP. B/30 ET B/90,FRANCE,0 DA,DA
,https://www.pharmnet-dz.com//medic.aspx?id=1171,,OLSERAZ,25B047,GLES.,Cliquez ici,B/30,Prod locale : Oui,ERECTA 50MG   COMPRIME PELLICULE  B/10,ALGERIE,1500 DA,1481.00 DA
,https://www.pharmnet-dz.com//medic.aspx?id=2276,,OLZANID,16D100,COMP. PELLI.,Cliquez ici,B/30,Prod locale : Non,XEPLION 100MG/ML SUSP INJ LP B/01  SER PRE-REMP DE 0.75 ML(75 MG/0.75ML) ET 02 AIGUILLES,ALGERIE,7020 DA,7200.00 DA
,https://www.pharmnet-dz.com//medic.aspx?id=3871,,OMED RGO,10A113,GLES. A MICROG. GASTRORESIST.,Cliquez ici,B/14,Prod locale : Oui,DIARFAN 10 mg Racécadotril PDRE.SOL.BUV 16 Sachets,ALGERIE,196 DA,N/A
,https://www.pharmnet-dz.com//medic.aspx?id=3840,,OMED-20,10A001,GLES. A MICROG. GASTRORESIST.,Cliquez ici,B/14 EN STRIP - B/14 EN BLISTER ET PILULIER  DE 14,Prod locale : Oui,DIARFAN 10 mg Racécadotril PDRE.SOL.BUV 16 Sachets,ALGERIE,196 DA,196.00 DA
,https://www.pharmnet-dz.com//medic.aspx?id=3842,,OMEPRAMEX,10A001,GLES. A MICROG. GASTRORESIST.,Cliquez ici,B/14,Prod locale : Oui,DIARFAN 10 mg Racécadotril PDRE.SOL.BUV 16 Sachets,ALGERIE,196 DA,197.00 DA
,https://www.pharmnet-dz.com//medic.aspx?id=1973,,P.N.D.,17G048,COLLY.,Cliquez ici,FL/3ML,Prod locale : Oui,CROPINE 0.5% COLLY. EN SOL. FL./10ML,TUNISIE,119 DA,121.66 DA
,https://www.pharmnet-dz.com//medic.aspx?id=4139,,PACET,03B005,COMP.,Cliquez ici,B/20,Prod locale : Oui,ATP NOVAGENERICS  30MG GLES.  B/30,ALGERIE,50 DA,N/A
,https://www.pharmnet-dz.com//medic.aspx?id=2642,,PACET EXTRA,03B088,COMP. SEC.,Cliquez ici,B/16,Prod locale : Oui,ATP NOVAGENERICS  30MG GLES.  B/30,ALGERIE,50 DA,125.00 DA
,https://www.pharmnet-dz.com//medic.aspx?id=1,,PACLITAX,05G100,SOL. PERF.,Cliquez ici,"B/1FL/5ML -  B/1FL/16,7ML ET B/1FL. DE 50ML",Prod locale : Non,5-FLUOROURACIL EBEWE 50MG/ML**  (OU 250MG/5ML -  500MG/10ML -  1000MG/20ML) SOL INJ B/5 AMP. DE 5ML  -  B/1FL DE 10ML  -  B/1FL. DE 20ML),INDE,N/A,N/A
,https://www.pharmnet-dz.com//medic.aspx?id=1001,,PACLITAXEL EBEWE,05A070,SOL. INJ.,Cliquez ici,"FL/5ML  -  FL/16,7ML -  FL/25ML  -  FL /50ML.",Prod locale : Non,5-FLUOROURACIL EBEWE 50MG/ML**  (OU 250MG/5ML -  500MG/10ML -  1000MG/20ML) SOL INJ B/5 AMP. DE 5ML  -  B/1FL DE 10ML  -  B/1FL. DE 20ML),AUTRICHE,0 DA,DA
,https://www.pharmnet-dz.com//medic.aspx?id=2777,,PAINOXAM,04B023,SUPPO.,Cliquez ici,B/15,Prod locale : Oui,APONIL 100MG COMP. SEC. B/20,ALGERIE,210 DA,N/A
,https://www.pharmnet-dz.com//medic.aspx?id=4684,,PAKEDAL,15A003,SUSP. BUV.,Cliquez ici,FL/100 ML,Prod locale : Oui,"DOPREXOL 0,375 MG COMPRIME A LIBERATION PROLONGEE B/30",ALGERIE,0 DA,DA
,https://www.pharmnet-dz.com//medic.aspx?id=580,,PAMIDOL,08C020,SOL. INJ.,Cliquez ici,FL./50ML - FL./100ML,Prod locale : Non,HEXABRIX 320 I=320MG/ML SOL INJ INTRA-VASC. - INTRA-UTERINE -INTRA-ARTICULAIRE FL 20ML- 50ML -100ML,INDE,0 DA,2907.00 DA
,https://www.pharmnet-dz.com//medic.aspx?id=581,,PAMIDOL,08C021,SOL. INJ.,Cliquez ici,FL./50ML - FL./100ML,Prod locale : Non,HEXABRIX 320 I=320MG/ML SOL INJ INTRA-VASC. - INTRA-UTERINE -INTRA-ARTICULAIRE FL 20ML- 50ML -100ML,INDE,0 DA,1380.00 DA
,https://www.pharmnet-dz.com//medic.aspx?id=1410,,PAMIDRIA,21C034,PDRE. SOL.,Cliquez ici,B/01 FL. DE LYOPHILISAT+ 01 AMP. DE SOLVANT DE 10ML (EPPI),Prod locale : Oui,ACTEMRA   20MG/ML/FLACON  CONCENTRE POUR SOLUTION A DILUER POUR PERFUSION IV  BOITE DE 1 FLACON DE  20ml( 400 mg/20ml),INDE,0 DA,N/A
,https://www.pharmnet-dz.com//medic.aspx?id=2634,,PANADOL,03B081,COMP. SEC.,Cliquez ici,B/08,Prod locale : Oui,ATP NOVAGENERICS  30MG GLES.  B/30,ALGERIE,40 DA,N/A
,https://www.pharmnet-dz.com//medic.aspx?id=2643,,PANADOL EXTRA,03B088,COMP. SEC.,Cliquez ici,B/16,Prod locale : Oui,ATP NOVAGENERICS  30MG GLES.  B/30,ALGERIE,30 DA,N/A
,https://www.pharmnet-dz.com//medic.aspx?id=1470,,PANADOL RHUME + GRIPPE,22A042,COMP. PELLI.,Cliquez ici,B/16,Prod locale : Oui,"AVAMYS 27,50µG/DOSE SUSP. P. PULV. NAS. FL./120DOSES",ALGERIE,40 DA,N/A
,https://www.pharmnet-dz.com//medic.aspx?id=3874,,PANOP,10A134,COMP. ENRO.,Cliquez ici,PILULIER/14 ET PILULIER/28,Prod locale : Oui,DIARFAN 10 mg Racécadotril PDRE.SOL.BUV 16 Sachets,ALGERIE,196 DA,N/A
,https://www.pharmnet-dz.com//medic.aspx?id=2024,,PANOTILE,18B023,SOL. AURIC. GTTES.,Cliquez ici,FL/8ML,Prod locale : Oui,BETAHIST 24MG COMP. B/60,FRANCE,0 DA,174.00 DA
,https://www.pharmnet-dz.com//medic.aspx?id=1650,,PANOXYL,07B013,GEL. DERM.,Cliquez ici,T/40G,Prod locale : Oui,ADAFERIN GEL DERMIQUE 0.1%,IRELAND,150 DA,DA
,https://www.pharmnet-dz.com//medic.aspx?id=1653,,PANOXYL,07B014,GEL. DERM.,Cliquez ici,T/40G,Prod locale : Oui,ADAFERIN GEL DERMIQUE 0.1%,IRELAND,162.8 DA,DA
,https://www.pharmnet-dz.com//medic.aspx?id=1495,,PAPAVERINE,06J103,SOL. INJ.,Cliquez ici,B/50,Prod locale : Oui,AMLIBON 10MG COMP. B/30 ET B/90,FRANCE,0 DA,N/A
,https://www.pharmnet-dz.com//medic.aspx?id=4680,,PARAC-CO,03B026,COMP.,Cliquez ici,B/20,Prod locale : Oui,ATP NOVAGENERICS  30MG GLES.  B/30,ALGERIE,112 DA,DA
,https://www.pharmnet-dz.com//medic.aspx?id=4140,,PARACETAL,03B005,COMP.,Cliquez ici,B/20,Prod locale : Oui,ATP NOVAGENERICS  30MG GLES.  B/30,ALGERIE,40 DA,N/A
,https://www.pharmnet-dz.com//medic.aspx?id=4152,,PARACETAMOL BIOCARE,03B006,PDRE. SOL. BUV.,Cliquez ici,B/12,Prod locale : Oui,ATP NOVAGENERICS  30MG GLES.  B/30,ALGERIE,102.24 DA,152.00 DA
,https://www.pharmnet-dz.com//medic.aspx?id=4221,,PARACETAMOL BIOCARE,03B044,PDRE. SUSP. BUV.,Cliquez ici,B/12,Prod locale : Oui,ATP NOVAGENERICS  30MG GLES.  B/30,ALGERIE,102 DA,DA
,https://www.pharmnet-dz.com//medic.aspx?id=4191,,PARACETAMOL BIOCARE,03B045,PDRE. SOL. BUV.,Cliquez ici,B/12,Prod locale : Oui,ATP NOVAGENERICS  30MG GLES.  B/30,ALGERIE,110.28 DA,DA
,https://www.pharmnet-dz.com//medic.aspx?id=4195,,PARACETAMOL BIOCARE,03B046,PDRE. SOL. BUV.,Cliquez ici,B/12,Prod locale : Oui,ATP NOVAGENERICS  30MG GLES.  B/30,ALGERIE,120 DA,120.00 DA
,https://www.pharmnet-dz.com//medic.aspx?id=2620,,PARACETAMOL BIOCARE,03B066,PDRE. SOL. BUV.,Cliquez ici,B/12,Prod locale : Oui,ATP NOVAGENERICS  30MG GLES.  B/30,ALGERIE,30 DA,152.00 DA
,https://www.pharmnet-dz.com//medic.aspx?id=4149,,PARACETAMOL IVAL,03B005,COMP.,Cliquez ici,B/20,Prod locale : Oui,ATP NOVAGENERICS  30MG GLES.  B/30,ALGERIE,50 DA,N/A
,https://www.pharmnet-dz.com//medic.aspx?id=2622,,PARACETAMOL PHARMAGHREB,03B067,SOL. INJ.,Cliquez ici,"B/12 FL. DE 50ML , B/12 FL. DE 100ML",Prod locale : Oui,ATP NOVAGENERICS  30MG GLES.  B/30,ALGERIE,102 DA,160.00 DA
,https://www.pharmnet-dz.com//medic.aspx?id=4482,,PARACETAMOL PHYSIOPHARM,03B123,PDRE. SUSP. BUV.,Cliquez ici,B/12 SACHETS,Prod locale : Oui,ATP NOVAGENERICS  30MG GLES.  B/30,ALGERIE,40 DA,DA
,https://www.pharmnet-dz.com//medic.aspx?id=4212,,PARACETAMOL PHYSIOPHARM,03B006,PDRE. SUSP. BUV.,Cliquez ici,B/12,Prod locale : Oui,ATP NOVAGENERICS  30MG GLES.  B/30,ALGERIE,102 DA,DA
,https://www.pharmnet-dz.com//medic.aspx?id=4207,,PARACETAMOL PHYSIOPHARM,03B044,PDRE. SUSP. BUV.,Cliquez ici,B/12,Prod locale : Oui,ATP NOVAGENERICS  30MG GLES.  B/30,ALGERIE,102 DA,N/A
,https://www.pharmnet-dz.com//medic.aspx?id=2635,,PARACETAMOL PHYSIOPHARM,03B081,COMP. SEC.,Cliquez ici,B/08,Prod locale : Oui,ATP NOVAGENERICS  30MG GLES.  B/30,ALGERIE,40 DA,65.00 DA
,https://www.pharmnet-dz.com//medic.aspx?id=4378,,PARACETAMOL PHYSIOPHARM,03B045,PDRE. SUSP. BUV.,Cliquez ici,B/12,Prod locale : Oui,ATP NOVAGENERICS  30MG GLES.  B/30,ALGERIE,110 DA,DA
,https://www.pharmnet-dz.com//medic.aspx?id=4141,,PARACETAMOL PHYSIOPHARM,03B005,COMP.,Cliquez ici,B/20,Prod locale : Oui,ATP NOVAGENERICS  30MG GLES.  B/30,ALGERIE,50 DA,N/A
,https://www.pharmnet-dz.com//medic.aspx?id=4481,,PARACETAMOL PHYSIOPHARM,03B066,PDRE. SUSP. BUV.,Cliquez ici,B/12,Prod locale : Oui,ATP NOVAGENERICS  30MG GLES.  B/30,ALGERIE,30 DA,N/A
,https://www.pharmnet-dz.com//medic.aspx?id=2623,,PARACETAMOL RAZES,03B067,SOL. INJ.,Cliquez ici,FL./50ML,Prod locale : Oui,ATP NOVAGENERICS  30MG GLES.  B/30,ALGERIE,102 DA,250 DA
,https://www.pharmnet-dz.com//medic.aspx?id=1469,,PARADIPAL,22A041,COMP. SEC.,Cliquez ici,B/16,Prod locale : Oui,"AVAMYS 27,50µG/DOSE SUSP. P. PULV. NAS. FL./120DOSES",ALGERIE,N/A,N/A
,https://www.pharmnet-dz.com//medic.aspx?id=2639,,PARALGAN,03B086,SUPPO.,Cliquez ici,B/10,Prod locale : Oui,ATP NOVAGENERICS  30MG GLES.  B/30,ALGERIE,N/A,64.00 DA
,https://www.pharmnet-dz.com//medic.aspx?id=4158,,PARALGAN,03B007,SUPPO.,Cliquez ici,B/10,Prod locale : Oui,ATP NOVAGENERICS  30MG GLES.  B/30,ALGERIE,85 DA,N/A
,https://www.pharmnet-dz.com//medic.aspx?id=4159,,PARALGAN,03B007,SUPPO.,Cliquez ici,B/10,Prod locale : Oui,ATP NOVAGENERICS  30MG GLES.  B/30,ALGERIE,102 DA,N/A
,https://www.pharmnet-dz.com//medic.aspx?id=5894,,Q-PINE ALEMBIC MAMI,16D162,COMP. PELLI.,Cliquez ici,B/30,Prod locale : Non,XEPLION 100MG/ML SUSP INJ LP B/01  SER PRE-REMP DE 0.75 ML(75 MG/0.75ML) ET 02 AIGUILLES,ALGERIE,585 DA,DA
,https://www.pharmnet-dz.com//medic.aspx?id=6017,,QUETAL LP,16D167,COMP. PELLI. LP,Cliquez ici,B/60,Prod locale : Non,XEPLION 100MG/ML SUSP INJ LP B/01  SER PRE-REMP DE 0.75 ML(75 MG/0.75ML) ET 02 AIGUILLES,ALGERIE,00 DA,DA
,https://www.pharmnet-dz.com//medic.aspx?id=5895,,QUETAL LP,16D164,COMP. PELLI. LP,Cliquez ici,B/30,Prod locale : Non,XEPLION 100MG/ML SUSP INJ LP B/01  SER PRE-REMP DE 0.75 ML(75 MG/0.75ML) ET 02 AIGUILLES,ALGERIE,2340 DA,DA
,https://www.pharmnet-dz.com//medic.aspx?id=6018,,QUETAL LP,16D169,COMP. PELLI. LP,Cliquez ici,B/60,Prod locale : Non,XEPLION 100MG/ML SUSP INJ LP B/01  SER PRE-REMP DE 0.75 ML(75 MG/0.75ML) ET 02 AIGUILLES,ALGERIE,3061 DA,DA
,https://www.pharmnet-dz.com//medic.aspx?id=185,,QUINAPRIL / HYDROCHLOROTHIAZIDE WINTHROP,06E131,COMP. PELLI.,Cliquez ici,B/30,Prod locale : Oui,AMLIBON 10MG COMP. B/30 ET B/90,FRANCE,1029.6 DA,DA
,https://www.pharmnet-dz.com//medic.aspx?id=387,,QUINOX,13K253,COMP. PELLI.,Cliquez ici,B/10,Prod locale : Oui,AMODEX-Gé 250MG/5ML PDRE. P. SUSP. BUV. FL/60ML,ALGERIE,804 DA,N/A
,https://www.pharmnet-dz.com//medic.aspx?id=392,,QUINOX,13K254,COMP. PELLI.,Cliquez ici,B/10,Prod locale : Oui,AMODEX-Gé 250MG/5ML PDRE. P. SUSP. BUV. FL/60ML,ALGERIE,1050 DA,DA
,https://www.pharmnet-dz.com//medic.aspx?id=398,,QUINOX LP,13K467,COMP. LP,Cliquez ici,B/05,Prod locale : Oui,AMODEX-Gé 250MG/5ML PDRE. P. SUSP. BUV. FL/60ML,ALGERIE,1050 DA,N/A
,https://www.pharmnet-dz.com//medic.aspx?id=2082,,RABWALYSE,20A016,SOL. BUV.,Cliquez ici,FL/150ML,Prod locale : Non,"CARBOMEX 0,05 SOL BUV FL/150ML +GOBLET DOSEUR DE 150 ML",ALGERIE,0 DA,DA
,https://www.pharmnet-dz.com//medic.aspx?id=3111,,RAMINORM,06E201,COMP. SEC.,Cliquez ici,B/30,Prod locale : Oui,AMLIBON 10MG COMP. B/30 ET B/90,ALGERIE,1087.5 DA,967.00 DA
,https://www.pharmnet-dz.com//medic.aspx?id=174,,RAMINORM,06E128,COMP SEC.,Cliquez ici,B/30,Prod locale : Oui,AMLIBON 10MG COMP. B/30 ET B/90,ALGERIE,965.4 DA,N/A
,https://www.pharmnet-dz.com//medic.aspx?id=168,,RAMIPRIL IVAL,06E127,COMP. SEC.,Cliquez ici,B/30,Prod locale : Oui,AMLIBON 10MG COMP. B/30 ET B/90,ALGERIE,659.7 DA,N/A
,https://www.pharmnet-dz.com//medic.aspx?id=176,,RAMIPRIL IVAL,06E128,COMP SEC.,Cliquez ici,B/30,Prod locale : Oui,AMLIBON 10MG COMP. B/30 ET B/90,ALGERIE,965.4 DA,N/A
,https://www.pharmnet-dz.com//medic.aspx?id=169,,RAMIPRIL WINTHROP,06E127,COMP. SEC.,Cliquez ici,B/28,Prod locale : Oui,AMLIBON 10MG COMP. B/30 ET B/90,ALGERIE,615.72 DA,N/A
,https://www.pharmnet-dz.com//medic.aspx?id=177,,RAMIPRIL WINTHROP,06E128,COMP SEC.,Cliquez ici,B/28,Prod locale : Oui,AMLIBON 10MG COMP. B/30 ET B/90,ALGERIE,901.04 DA,N/A
,https://www.pharmnet-dz.com//medic.aspx?id=3114,,RAMITEC,06E201,COMP. SEC.,Cliquez ici,B/30,Prod locale : Oui,AMLIBON 10MG COMP. B/30 ET B/90,ALGERIE,1087.5 DA,N/A
,https://www.pharmnet-dz.com//medic.aspx?id=173,,RAMITEC,06E127,COMP. SEC.,Cliquez ici,B/30,Prod locale : Oui,AMLIBON 10MG COMP. B/30 ET B/90,ALGERIE,659.7 DA,N/A
,https://www.pharmnet-dz.com//medic.aspx?id=180,,RAMITEC,06E128,COMP SEC.,Cliquez ici,B/30,Prod locale : Oui,AMLIBON 10MG COMP. B/30 ET B/90,ALGERIE,965.4 DA,N/A
,https://www.pharmnet-dz.com//medic.aspx?id=1899,,RAMOXIN,13B011,GRLES. SOL. BUV.,Cliquez ici,FL/100ML,Prod locale : Oui,AMODEX-Gé 250MG/5ML PDRE. P. SUSP. BUV. FL/60ML,JORDANIE,154 DA,N/A
,https://www.pharmnet-dz.com//medic.aspx?id=1885,,RAMOXIN,13B009,GLES.,Cliquez ici,B/20,Prod locale : Oui,AMODEX-Gé 250MG/5ML PDRE. P. SUSP. BUV. FL/60ML,JORDANIE,278 DA,N/A
,https://www.pharmnet-dz.com//medic.aspx?id=1894,,RAMOXIN,13B010,COMP. PELLI.,Cliquez ici,B/20,Prod locale : Oui,AMODEX-Gé 250MG/5ML PDRE. P. SUSP. BUV. FL/60ML,JORDANIE,556 DA,N/A
,https://www.pharmnet-dz.com//medic.aspx?id=3878,,RANACID,10A151,COMP. PELLI.,Cliquez ici,B/12,Prod locale : Oui,DIARFAN 10 mg Racécadotril PDRE.SOL.BUV 16 Sachets,ALGERIE,0 DA,N/A
,https://www.pharmnet-dz.com//medic.aspx?id=6250,,RANCYTE,13P495,COMP. PELLI.,Cliquez ici,B / 01 FL DE 60,Prod locale : Non,ABAVIR  300 MG CP PELL B/1  PILULIER DE 60,INDE,--- DA,DA
,https://www.pharmnet-dz.com//medic.aspx?id=4199,,RANICARE,10A003,COMP. PELLI.,Cliquez ici,B/30,Prod locale : Oui,DIARFAN 10 mg Racécadotril PDRE.SOL.BUV 16 Sachets,ALGERIE,103 DA,DA
,https://www.pharmnet-dz.com//medic.aspx?id=3860,,RANIMEX,10A003,COMP. PELLI.,Cliquez ici,B/30,Prod locale : Oui,DIARFAN 10 mg Racécadotril PDRE.SOL.BUV 16 Sachets,ALGERIE,310 DA,195.00 DA
,https://www.pharmnet-dz.com//medic.aspx?id=3869,,RANIMEX,10A102,COMP. PELLI.,Cliquez ici,B/20,Prod locale : Oui,DIARFAN 10 mg Racécadotril PDRE.SOL.BUV 16 Sachets,ALGERIE,228.6 DA,N/A
,https://www.pharmnet-dz.com//medic.aspx?id=3861,,RANITEX,10A003,COMP. PELLI.,Cliquez ici,B/20,Prod locale : Oui,DIARFAN 10 mg Racécadotril PDRE.SOL.BUV 16 Sachets,ALGERIE,310 DA,139.00 DA
,https://www.pharmnet-dz.com//medic.aspx?id=3853,,RANITEX,10A002,SOL. INJ.,Cliquez ici,B/05AMP. 2ML,Prod locale : Oui,DIARFAN 10 mg Racécadotril PDRE.SOL.BUV 16 Sachets,ALGERIE,0 DA,N/A
,https://www.pharmnet-dz.com//medic.aspx?id=4209,,RANITIDAL,10A003,COMP. PELLI.,Cliquez ici,B/20,Prod locale : Oui,DIARFAN 10 mg Racécadotril PDRE.SOL.BUV 16 Sachets,ALGERIE,103 DA,DA
,https://www.pharmnet-dz.com//medic.aspx?id=3855,,RANITIDINE,10A002,SOL. INJ.,Cliquez ici,B/100 FL. DE 2ML,Prod locale : Oui,DIARFAN 10 mg Racécadotril PDRE.SOL.BUV 16 Sachets,CUBA,103 DA,N/A
,https://www.pharmnet-dz.com//medic.aspx?id=3862,,RANITIDINE MABO,10A003,COMP. PELLI.,Cliquez ici,B/30 - B/60,Prod locale : Oui,DIARFAN 10 mg Racécadotril PDRE.SOL.BUV 16 Sachets,ALGERIE,103 DA,397.00 DA
,https://www.pharmnet-dz.com//medic.aspx?id=648,,RAPICORT,09H026,SOL. INJ.,Cliquez ici,B/05 AMP. DE LYOPH. + 05 AMP. DE 2ML DE SOLV. (EPPI),Prod locale : Non,CORTIPRED 20MG COMP. EFFERV. B/20,ITALIE,0 DA,N/A
,https://www.pharmnet-dz.com//medic.aspx?id=952,,RAPIDUS,04B063,COMP. ENRO.,Cliquez ici,B/20,Prod locale : Oui,APONIL 100MG COMP. SEC. B/20,ALGERIE,300 DA,N/A
,https://www.pharmnet-dz.com//medic.aspx?id=4043,,RAPIFEN,02A001,SOL. INJ.,Cliquez ici,B/05,Prod locale : Non,ATACURE 10MG/ML (50MG/5ML) SOL. INJ. IV B/05AMP DE 5ML,FRANCE,0 DA,DA
,https://www.pharmnet-dz.com//medic.aspx?id=4048,,RAPIFEN,02A050,SOL. INJ.,Cliquez ici,B/10,Prod locale : Non,ATACURE 10MG/ML (50MG/5ML) SOL. INJ. IV B/05AMP DE 5ML,FRANCE,0 DA,DA
,https://www.pharmnet-dz.com//medic.aspx?id=3856,,RATIDEX,10A002,SOL. INJ.,Cliquez ici,B/5AMP. DE 2ML ET B/50AMP. DE 2ML,Prod locale : Oui,DIARFAN 10 mg Racécadotril PDRE.SOL.BUV 16 Sachets,ALGERIE,0 DA,DA
,https://www.pharmnet-dz.com//medic.aspx?id=1800,,RAZIFER,12E135,SOL. INJ.,Cliquez ici,B/05 AMP. DE 5ML,Prod locale : Oui,ADCETRIS 50 MG / ML  POUDRE POUR SOLUTION A DILUER POUR PERFUSION  B/01 FLACON,ALGERIE,0 DA,DA
,https://www.pharmnet-dz.com//medic.aspx?id=3285,,RAZOLIX,06H087,SOL. INJ.,Cliquez ici,"B/05 AMP. DE 2ML , B/50 AMP. DE 2ML",Prod locale : Oui,AMLIBON 10MG COMP. B/30 ET B/90,ALGERIE,0 DA,DA
,https://www.pharmnet-dz.com//medic.aspx?id=3877,,RAZON,10A134,COMP. ENRO.,Cliquez ici,B/14,Prod locale : Oui,DIARFAN 10 mg Racécadotril PDRE.SOL.BUV 16 Sachets,JORDANIE,196 DA,N/A
,https://www.pharmnet-dz.com//medic.aspx?id=2504,,REBIF,15G078,SOL. INJ.,Cliquez ici,"B/12 SERINGUES PREREMPLIES DE 0,5ML",Prod locale : Oui,"DOPREXOL 0,375 MG COMPRIME A LIBERATION PROLONGEE B/30",ROYAUME UNI,68818 DA,DA
,https://www.pharmnet-dz.com//medic.aspx?id=2502,,REBIF,15G055,SOL. INJ.,Cliquez ici,"B/12 SERINGUES PREREMPLIES DE 0,5ML",Prod locale : Oui,"DOPREXOL 0,375 MG COMPRIME A LIBERATION PROLONGEE B/30",ROYAUME UNI,81828 DA,81828.00 DA
,https://www.pharmnet-dz.com//medic.aspx?id=4055,,RECOFOL,02B011,SOL. INJ.,Cliquez ici,B/5,Prod locale : Non,ATACURE 10MG/ML (50MG/5ML) SOL. INJ. IV B/05AMP DE 5ML,FINLANDE,N/A,N/A
,https://www.pharmnet-dz.com//medic.aspx?id=1834,,RECOMBINATE,12J044,PDRE. INJ.,Cliquez ici,B/1FL. DE PDRE. + 1AMP. DE SOLVT. (E.P.P.I.) DE 10ML,Prod locale : Oui,ADCETRIS 50 MG / ML  POUDRE POUR SOLUTION A DILUER POUR PERFUSION  B/01 FLACON,FRANCE,N/A,N/A
,https://www.pharmnet-dz.com//medic.aspx?id=1389,,SAIFEN,21A032,GEL DERM.,Cliquez ici,T/50G,Prod locale : Oui,ACTEMRA   20MG/ML/FLACON  CONCENTRE POUR SOLUTION A DILUER POUR PERFUSION IV  BOITE DE 1 FLACON DE  20ml( 400 mg/20ml),ALGERIE,145 DA,N/A
,https://www.pharmnet-dz.com//medic.aspx?id=2749,,SAIFEN,04B017,SUPPO.,Cliquez ici,B/10,Prod locale : Oui,APONIL 100MG COMP. SEC. B/20,ALGERIE,138 DA,N/A
,https://www.pharmnet-dz.com//medic.aspx?id=449,,SAIFLU,13P290,GLES.,Cliquez ici,B/10,Prod locale : Oui,AMODEX-Gé 250MG/5ML PDRE. P. SUSP. BUV. FL/60ML,ALGERIE,0 DA,N/A
,https://www.pharmnet-dz.com//medic.aspx?id=3527,,SAIFLU ENFANT,13P442,GLES.,Cliquez ici,B/10,Prod locale : Oui,AMODEX-Gé 250MG/5ML PDRE. P. SUSP. BUV. FL/60ML,ALGERIE,0 DA,N/A
,https://www.pharmnet-dz.com//medic.aspx?id=3526,,SAIFLU NOURRISSON,13P441,GLES.,Cliquez ici,B/10,Prod locale : Oui,AMODEX-Gé 250MG/5ML PDRE. P. SUSP. BUV. FL/60ML,ALGERIE,0 DA,N/A
,https://www.pharmnet-dz.com//medic.aspx?id=3896,,SAILOX,10B010,SUSP. BUV.,Cliquez ici,FL/250ML,Prod locale : Oui,DIARFAN 10 mg Racécadotril PDRE.SOL.BUV 16 Sachets,ALGERIE,168 DA,N/A
,https://www.pharmnet-dz.com//medic.aspx?id=3915,,SAILOX,10B137,COMP. A CROQ.,Cliquez ici,B/40,Prod locale : Oui,DIARFAN 10 mg Racécadotril PDRE.SOL.BUV 16 Sachets,ALGERIE,0 DA,N/A
,https://www.pharmnet-dz.com//medic.aspx?id=137,,SAIPRIL,06E052,COMP. SEC.,Cliquez ici,B/30,Prod locale : Oui,AMLIBON 10MG COMP. B/30 ET B/90,ALGERIE,148.8 DA,107.00 DA
,https://www.pharmnet-dz.com//medic.aspx?id=141,,SAIPRIL,06E053,COMP. SEC.,Cliquez ici,B/30,Prod locale : Oui,AMLIBON 10MG COMP. B/30 ET B/90,ALGERIE,285 DA,498.00 DA
,https://www.pharmnet-dz.com//medic.aspx?id=189,,SAIPRIL PLUS,06E137,COMP. SEC.,Cliquez ici,B/30,Prod locale : Oui,AMLIBON 10MG COMP. B/30 ET B/90,ALGERIE,502.2 DA,496 DA
,https://www.pharmnet-dz.com//medic.aspx?id=4409,,SALAZA,10N076,SUPPO.,Cliquez ici,B/15,Prod locale : Oui,DIARFAN 10 mg Racécadotril PDRE.SOL.BUV 16 Sachets,ALGERIE,0 DA,DA
,https://www.pharmnet-dz.com//medic.aspx?id=2980,,SALAZOPYRIN EN,10N078,COMP.,Cliquez ici,B/100,Prod locale : Oui,DIARFAN 10 mg Racécadotril PDRE.SOL.BUV 16 Sachets,FRANCE,1213.82 DA,N/A
,https://www.pharmnet-dz.com//medic.aspx?id=2083,,SALBULAM,20A016,SOL. BUV.,Cliquez ici,FL/125ML,Prod locale : Non,"CARBOMEX 0,05 SOL BUV FL/150ML +GOBLET DOSEUR DE 150 ML",ALGERIE,0 DA,N/A
,https://www.pharmnet-dz.com//medic.aspx?id=4600,,SALBUMEX,20A016,SOL. BUV.,Cliquez ici,FL/150ML,Prod locale : Non,"CARBOMEX 0,05 SOL BUV FL/150ML +GOBLET DOSEUR DE 150 ML",ALGERIE,0 DA,N/A
,https://www.pharmnet-dz.com//medic.aspx?id=4526,,SALBUTAMOL  PHYSIOPHARM,20A016,SOL. BUV.,Cliquez ici,B/01 FLACON DE 125ML,Prod locale : Non,"CARBOMEX 0,05 SOL BUV FL/150ML +GOBLET DOSEUR DE 150 ML",ALGERIE,0 DA,DA
,https://www.pharmnet-dz.com//medic.aspx?id=2073,,SALBUTAMOL,20A014,SOL. INJ.,Cliquez ici,B/10AMP. DE 1ML,Prod locale : Non,"CARBOMEX 0,05 SOL BUV FL/150ML +GOBLET DOSEUR DE 150 ML",ITALIE,0 DA,N/A
,https://www.pharmnet-dz.com//medic.aspx?id=2078,,SALBUTAMOL,20A015,COMP.,Cliquez ici,B/20,Prod locale : Non,"CARBOMEX 0,05 SOL BUV FL/150ML +GOBLET DOSEUR DE 150 ML",EGYPTE,110 DA,N/A
,https://www.pharmnet-dz.com//medic.aspx?id=2084,,SALBUTAMOL LPA,20A016,SOL. BUV.,Cliquez ici,FL./150ML+UNE CUILLERE MESURE DE 5ML,Prod locale : Non,"CARBOMEX 0,05 SOL BUV FL/150ML +GOBLET DOSEUR DE 150 ML",ALGERIE,0 DA,151.00 DA
,https://www.pharmnet-dz.com//medic.aspx?id=6280,,SALBUTAMOL RAZES,20A014,SOL. INJ.,Cliquez ici,BT/10 AMP BT/50 AMP,Prod locale : Non,"CARBOMEX 0,05 SOL BUV FL/150ML +GOBLET DOSEUR DE 150 ML",ALGERIE,1 DA,N/A
,https://www.pharmnet-dz.com//medic.aspx?id=2085,,SALBUTAMOL SAIDAL,20A016,SOL. BUV.,Cliquez ici,FL/150ML,Prod locale : Non,"CARBOMEX 0,05 SOL BUV FL/150ML +GOBLET DOSEUR DE 150 ML",ALGERIE,0 DA,168.00 DA
,https://www.pharmnet-dz.com//medic.aspx?id=6150,,SALFLUZON,20A104,CAPSULES CONTENANT PDRE.PR INHA,Cliquez ici,B/60 GELULE + INHALATEUR,Prod locale : Non,"CARBOMEX 0,05 SOL BUV FL/150ML +GOBLET DOSEUR DE 150 ML",ALGERIE,1500 DA,DA
,https://www.pharmnet-dz.com//medic.aspx?id=6151,,SALFLUZON,20A105,CAPSULES CONTENANT PDRE.PR INHA,Cliquez ici,B/60 +INHALATEUR,Prod locale : Non,"CARBOMEX 0,05 SOL BUV FL/150ML +GOBLET DOSEUR DE 150 ML",ALGERIE,2100 DA,DA
,https://www.pharmnet-dz.com//medic.aspx?id=6149,,SALFLUZON,20A106,CAPSULES CONTENANT PDRE.PR INHA,Cliquez ici,B/60 +INHALATEUR,Prod locale : Non,"CARBOMEX 0,05 SOL BUV FL/150ML +GOBLET DOSEUR DE 150 ML",ALGERIE,2580 DA,DA
,https://www.pharmnet-dz.com//medic.aspx?id=4118,,SALITIN,03A004,PDRE. SOL. INJ.,Cliquez ici,B/05 FL.DE PDRE.+05AMP. DE 5ML DE SOLV.(EPPI),Prod locale : Oui,ATP NOVAGENERICS  30MG GLES.  B/30,ALGERIE,N/A,N/A
,https://www.pharmnet-dz.com//medic.aspx?id=1029,,SANDIMMUN,05B049,CAPS.,Cliquez ici,B/50,Prod locale : Non,5-FLUOROURACIL EBEWE 50MG/ML**  (OU 250MG/5ML -  500MG/10ML -  1000MG/20ML) SOL INJ B/5 AMP. DE 5ML  -  B/1FL DE 10ML  -  B/1FL. DE 20ML),FRANCE,0 DA,DA
,https://www.pharmnet-dz.com//medic.aspx?id=1022,,SANDIMMUN,05B047,SOL. INJ.,Cliquez ici,FL/50ML,Prod locale : Non,5-FLUOROURACIL EBEWE 50MG/ML**  (OU 250MG/5ML -  500MG/10ML -  1000MG/20ML) SOL INJ B/5 AMP. DE 5ML  -  B/1FL DE 10ML  -  B/1FL. DE 20ML),FRANCE,0 DA,DA
,https://www.pharmnet-dz.com//medic.aspx?id=1026,,SANDIMMUN,05B048,CAPS.,Cliquez ici,B/50,Prod locale : Non,5-FLUOROURACIL EBEWE 50MG/ML**  (OU 250MG/5ML -  500MG/10ML -  1000MG/20ML) SOL INJ B/5 AMP. DE 5ML  -  B/1FL DE 10ML  -  B/1FL. DE 20ML),FRANCE,0 DA,0 DA
,https://www.pharmnet-dz.com//medic.aspx?id=1033,,SANDIMMUN,05B082,CAPS.,Cliquez ici,B/50,Prod locale : Non,5-FLUOROURACIL EBEWE 50MG/ML**  (OU 250MG/5ML -  500MG/10ML -  1000MG/20ML) SOL INJ B/5 AMP. DE 5ML  -  B/1FL DE 10ML  -  B/1FL. DE 20ML),FRANCE,0 DA,0 DA
,https://www.pharmnet-dz.com//medic.aspx?id=1020,,SANDIMMUN,05B045,SOL. INJ.,Cliquez ici,B/10FL./1ML,Prod locale : Non,5-FLUOROURACIL EBEWE 50MG/ML**  (OU 250MG/5ML -  500MG/10ML -  1000MG/20ML) SOL INJ B/5 AMP. DE 5ML  -  B/1FL DE 10ML  -  B/1FL. DE 20ML),FRANCE,00 DA,DA
,https://www.pharmnet-dz.com//medic.aspx?id=4297,,SANDIMMUN NEORAL,05B049,CAPS.,Cliquez ici,B/50,Prod locale : Non,5-FLUOROURACIL EBEWE 50MG/ML**  (OU 250MG/5ML -  500MG/10ML -  1000MG/20ML) SOL INJ B/5 AMP. DE 5ML  -  B/1FL DE 10ML  -  B/1FL. DE 20ML),FRANCE,0 DA,0 DA
,https://www.pharmnet-dz.com//medic.aspx?id=4295,,SANDIMMUN NEORAL,05B048,CAPS.,Cliquez ici,B/50,Prod locale : Non,5-FLUOROURACIL EBEWE 50MG/ML**  (OU 250MG/5ML -  500MG/10ML -  1000MG/20ML) SOL INJ B/5 AMP. DE 5ML  -  B/1FL DE 10ML  -  B/1FL. DE 20ML),FRANCE,0 DA,0 DA
,https://www.pharmnet-dz.com//medic.aspx?id=4296,,SANDIMMUN NEORAL,05B082,CAPS.,Cliquez ici,B/50,Prod locale : Non,5-FLUOROURACIL EBEWE 50MG/ML**  (OU 250MG/5ML -  500MG/10ML -  1000MG/20ML) SOL INJ B/5 AMP. DE 5ML  -  B/1FL DE 10ML  -  B/1FL. DE 20ML),FRANCE,0 DA,0 DA
,https://www.pharmnet-dz.com//medic.aspx?id=3827,,SANDOSTATINE,09P109,SOL. INJ.,Cliquez ici,B/6 AMP DE 1ML,Prod locale : Non,CORTIPRED 20MG COMP. EFFERV. B/20,FRANCE,8874.9 DA,0 DA
,https://www.pharmnet-dz.com//medic.aspx?id=3826,,SANDOSTATINE,09P071,SOL. INJ.,Cliquez ici,B/6 AMP,Prod locale : Non,CORTIPRED 20MG COMP. EFFERV. B/20,FRANCE,8875 DA,0 DA
,https://www.pharmnet-dz.com//medic.aspx?id=3828,,SANDOSTATINE,09P110,SOL. INJ.,Cliquez ici,B/6 AMP DE 1ML,Prod locale : Non,CORTIPRED 20MG COMP. EFFERV. B/20,FRANCE,9468 DA,0 DA
,https://www.pharmnet-dz.com//medic.aspx?id=2467,,SANMIGRAN,15B022,COMP. PELLI.,Cliquez ici,B/50,Prod locale : Oui,"DOPREXOL 0,375 MG COMPRIME A LIBERATION PROLONGEE B/30",FRANCE,0 DA,0 DA
,https://www.pharmnet-dz.com//medic.aspx?id=2889,,SAPBRIDATE,10F051,COMP. PELLI.,Cliquez ici,B/20,Prod locale : Oui,DIARFAN 10 mg Racécadotril PDRE.SOL.BUV 16 Sachets,ALGERIE,182 DA,DA
,https://www.pharmnet-dz.com//medic.aspx?id=906,,UBACTIVE,04B040,COMP. PELLI.,Cliquez ici,B/20,Prod locale : Oui,APONIL 100MG COMP. SEC. B/20,ALGERIE,120 DA,N/A
,https://www.pharmnet-dz.com//medic.aspx?id=2732,,UBACTIVE,04B010,COMP. PELLI.,Cliquez ici,B/20,Prod locale : Oui,APONIL 100MG COMP. SEC. B/20,ALGERIE,157 DA,N/A
,https://www.pharmnet-dz.com//medic.aspx?id=928,,UBACTIVE,04B044,COMP. PELLI.,Cliquez ici,B/30,Prod locale : Oui,APONIL 100MG COMP. SEC. B/20,ALGERIE,235.5 DA,212.00 DA
,https://www.pharmnet-dz.com//medic.aspx?id=5728,,UDINE,01A047,COMP. PELLI.,Cliquez ici,B/15,Prod locale : Oui,"BETAMETHASONE novagenerics®  2 mg,  comprimé dispersible sécable boite de 20",ALGERIE,90 DA,DA
,https://www.pharmnet-dz.com//medic.aspx?id=242,,ULTIMOX,13G050,COMP. PELLI.,Cliquez ici,B/12,Prod locale : Oui,AMODEX-Gé 250MG/5ML PDRE. P. SUSP. BUV. FL/60ML,ALGERIE,392.64 DA,N/A
,https://www.pharmnet-dz.com//medic.aspx?id=1874,,ULTRAGENT,13A005,SOL. INJ.,Cliquez ici,B/1,Prod locale : Oui,AMODEX-Gé 250MG/5ML PDRE. P. SUSP. BUV. FL/60ML,JORDANIE,61 DA,N/A
,https://www.pharmnet-dz.com//medic.aspx?id=2923,,ULTRA-LEVURE,10H133,PDRE. SOL. BUV.,Cliquez ici,B/14 SACHETS,Prod locale : Oui,DIARFAN 10 mg Racécadotril PDRE.SOL.BUV 16 Sachets,FRANCE,0 DA,204.00 DA
,https://www.pharmnet-dz.com//medic.aspx?id=2922,,ULTRA-LEVURE,10H132,GLES.,Cliquez ici,B/10,Prod locale : Oui,DIARFAN 10 mg Racécadotril PDRE.SOL.BUV 16 Sachets,FRANCE,0 DA,283.00 DA
,https://www.pharmnet-dz.com//medic.aspx?id=775,,ULTRALINC,13D026,SOL. INJ.,Cliquez ici,B/1 AMP,Prod locale : Oui,AMODEX-Gé 250MG/5ML PDRE. P. SUSP. BUV. FL/60ML,JORDANIE,N/A,N/A
,https://www.pharmnet-dz.com//medic.aspx?id=583,,ULTRAVIST 300,08C055,SOL. INJ.,Cliquez ici,B/1FL.  DE 50ML - B/1FL.  DE 100 ML - B/10FL.  DE 50ML - B/10FL.  DE 100ML,Prod locale : Non,HEXABRIX 320 I=320MG/ML SOL INJ INTRA-VASC. - INTRA-UTERINE -INTRA-ARTICULAIRE FL 20ML- 50ML -100ML,ALLEMAGNE,1616 DA,N/A
,https://www.pharmnet-dz.com//medic.aspx?id=584,,ULTRAVIST 370,08C056,SOL. INJ.,Cliquez ici,B/1FL.  DE 50ML - B/1FL.  DE 100 ML - B/10FL.  DE 50ML - B/10FL.  DE 100ML,Prod locale : Non,HEXABRIX 320 I=320MG/ML SOL INJ INTRA-VASC. - INTRA-UTERINE -INTRA-ARTICULAIRE FL 20ML- 50ML -100ML,ALLEMAGNE,0 DA,2235.00 DA
,https://www.pharmnet-dz.com//medic.aspx?id=3742,,UMULINE NPH,14B193,SUSP. INJ.,Cliquez ici,B/1FL/10ML,Prod locale : Oui,CALCIDOSE VITAMINE D 400UI/500MG/SACHET PDRE. ORALE  B/30 SACHETS,ALLEMAGNE,0 DA,DA
,https://www.pharmnet-dz.com//medic.aspx?id=3745,,UMULINE PROFIL 30,14B196,SUSP. INJ.,Cliquez ici,B/5 CART. 3ML,Prod locale : Oui,CALCIDOSE VITAMINE D 400UI/500MG/SACHET PDRE. ORALE  B/30 SACHETS,SUISSE,0 DA,DA
,https://www.pharmnet-dz.com//medic.aspx?id=3737,,UMULINE PROFIL 30,14B192,SUSP. INJ.,Cliquez ici,B/1FL DE 10ML,Prod locale : Oui,CALCIDOSE VITAMINE D 400UI/500MG/SACHET PDRE. ORALE  B/30 SACHETS,ALLEMAGNE,0 DA,DA
,https://www.pharmnet-dz.com//medic.aspx?id=3732,,UMULINE RAPIDE,14B153,SOL. INJ.,Cliquez ici,B/5 CART. DE 3 ML,Prod locale : Oui,CALCIDOSE VITAMINE D 400UI/500MG/SACHET PDRE. ORALE  B/30 SACHETS,SUISSE,2614.61 DA,-- DA
,https://www.pharmnet-dz.com//medic.aspx?id=3299,,UMULINE RAPIDE,14B197,SOL. INJ.,Cliquez ici,FL/10ML,Prod locale : Oui,CALCIDOSE VITAMINE D 400UI/500MG/SACHET PDRE. ORALE  B/30 SACHETS,ALLEMAGNE,0 DA,DA
,https://www.pharmnet-dz.com//medic.aspx?id=3419,,UN-ALFA,14H089,CAPS.,Cliquez ici,B/30,Prod locale : Oui,CALCIDOSE VITAMINE D 400UI/500MG/SACHET PDRE. ORALE  B/30 SACHETS,FRANCE,0 DA,587.00 DA
,https://www.pharmnet-dz.com//medic.aspx?id=3418,,UN-ALFA,14H088,CAPS.,Cliquez ici,B/30,Prod locale : Oui,CALCIDOSE VITAMINE D 400UI/500MG/SACHET PDRE. ORALE  B/30 SACHETS,FRANCE,0 DA,1352.00 DA
,https://www.pharmnet-dz.com//medic.aspx?id=4078,,UNICAINE,02C019,SOL. INJ.,Cliquez ici,B/10AMP DE 5ML,Prod locale : Non,ATACURE 10MG/ML (50MG/5ML) SOL. INJ. IV B/05AMP DE 5ML,TUNISIE,0 DA,DA
,https://www.pharmnet-dz.com//medic.aspx?id=4073,,UNICAINE 1%,02C018,SOL. INJ.,Cliquez ici,B/50 AMP. DE 10ML,Prod locale : Non,ATACURE 10MG/ML (50MG/5ML) SOL. INJ. IV B/05AMP DE 5ML,TUNISIE,0 DA,DA
,https://www.pharmnet-dz.com//medic.aspx?id=1895,,UNILEXIN,13B010,COMP. PELLI.,Cliquez ici,B/20,Prod locale : Oui,AMODEX-Gé 250MG/5ML PDRE. P. SUSP. BUV. FL/60ML,JORDANIE,556 DA,586.00 DA
,https://www.pharmnet-dz.com//medic.aspx?id=1480,,UNIRETIC,06H094,COMP.,Cliquez ici,B/20,Prod locale : Oui,AMLIBON 10MG COMP. B/30 ET B/90,JORDANIE,137 DA,N/A
,https://www.pharmnet-dz.com//medic.aspx?id=2518,,UPTONIC,16A001,COMP. PELLI.,Cliquez ici,B/60,Prod locale : Non,XEPLION 100MG/ML SUSP INJ LP B/01  SER PRE-REMP DE 0.75 ML(75 MG/0.75ML) ET 02 AIGUILLES,ITALIE,285 DA,N/A
,https://www.pharmnet-dz.com//medic.aspx?id=1193,,URICARE,25E058,GRLES. SOL. BUV.,Cliquez ici,B/01 SACHET,Prod locale : Oui,ERECTA 50MG   COMPRIME PELLICULE  B/10,ALGERIE,761.07 DA,DA
,https://www.pharmnet-dz.com//medic.aspx?id=1395,,URICLAR,21B007,COMP.,Cliquez ici,B/50,Prod locale : Oui,ACTEMRA   20MG/ML/FLACON  CONCENTRE POUR SOLUTION A DILUER POUR PERFUSION IV  BOITE DE 1 FLACON DE  20ml( 400 mg/20ml),ITALIE,0 DA,N/A
,https://www.pharmnet-dz.com//medic.aspx?id=1399,,URICLAR,21B008,COMP.,Cliquez ici,B/28,Prod locale : Oui,ACTEMRA   20MG/ML/FLACON  CONCENTRE POUR SOLUTION A DILUER POUR PERFUSION IV  BOITE DE 1 FLACON DE  20ml( 400 mg/20ml),ITALIE,0 DA,N/A
,https://www.pharmnet-dz.com//medic.aspx?id=4654,,URILAX,25P068,COMP. PELLI.,Cliquez ici,B/30,Prod locale : Oui,ERECTA 50MG   COMPRIME PELLICULE  B/10,ALGERIE,0 DA,DA
,https://www.pharmnet-dz.com//medic.aspx?id=1238,,URO 3000 GLYCOCOLLE AGUETTANT,26A007,SOL.,Cliquez ici,B/4 POCH. DE 3000ML,Prod locale : Oui,ALCOOL CHIRURGICAL 70° SOL. USAGE EXTERNE FL./100ML,FRANCE,0 DA,N/A
,https://www.pharmnet-dz.com//medic.aspx?id=3398,,"URO 3000CHLORURE DE SODIUM 0,9%",14G170,SOL.,Cliquez ici,CARTON DE 4 POCH. EN PVC DE 3L,Prod locale : Oui,CALCIDOSE VITAMINE D 400UI/500MG/SACHET PDRE. ORALE  B/30 SACHETS,FRANCE,0 DA,N/A
,https://www.pharmnet-dz.com//medic.aspx?id=368,,UROBACID,13K229,COMP. PELLI.,Cliquez ici,B/14,Prod locale : Oui,AMODEX-Gé 250MG/5ML PDRE. P. SUSP. BUV. FL/60ML,AUTRICHE,0 DA,N/A
,https://www.pharmnet-dz.com//medic.aspx?id=31,,UROMITEXAN,05J149,SOL. INJ.,Cliquez ici,B/05AMP. DE 4ML,Prod locale : Non,5-FLUOROURACIL EBEWE 50MG/ML**  (OU 250MG/5ML -  500MG/10ML -  1000MG/20ML) SOL INJ B/5 AMP. DE 5ML  -  B/1FL DE 10ML  -  B/1FL. DE 20ML),ALLEMAGNE,N/A,N/A
,https://www.pharmnet-dz.com//medic.aspx?id=1188,,UROPIMID,25E011,GLES.,Cliquez ici,B/20,Prod locale : Oui,ERECTA 50MG   COMPRIME PELLICULE  B/10,ITALIE,462 DA,N/A
,https://www.pharmnet-dz.com//medic.aspx?id=2796,,USENIL,04B031,SUPPO.,Cliquez ici,B/08,Prod locale : Oui,APONIL 100MG COMP. SEC. B/20,ALGERIE,108.4 DA,N/A
,https://www.pharmnet-dz.com//medic.aspx?id=292,,VAAMOX ADULTE,13G182,PDRE. SOL. INJ.,Cliquez ici,B/01FL. DE PDRE.,Prod locale : Oui,AMODEX-Gé 250MG/5ML PDRE. P. SUSP. BUV. FL/60ML,TUNISIE,0 DA,DA
,https://www.pharmnet-dz.com//medic.aspx?id=233,,VAAMOX ENFANT ET NOURRISSON,13G049,PDRE. SOL. INJ.,Cliquez ici,B/1FL. DE PDRE.,Prod locale : Oui,AMODEX-Gé 250MG/5ML PDRE. P. SUSP. BUV. FL/60ML,TUNISIE,0 DA,DA
,https://www.pharmnet-dz.com//medic.aspx?id=3595,,VACCIN ANTI-ROUGEOLE,13U140,SOL. INJ.,Cliquez ici,B/50FL/10DOSES DE 10ML + 50FL DE SOLVANT DE 5ML,Prod locale : Oui,AMODEX-Gé 250MG/5ML PDRE. P. SUSP. BUV. FL/60ML,INDE,0 DA,N/A
,https://www.pharmnet-dz.com//medic.aspx?id=2277,,VAINCOR,16D100,COMP. PELLI.,Cliquez ici,B/7 - B/28,Prod locale : Non,XEPLION 100MG/ML SUSP INJ LP B/01  SER PRE-REMP DE 0.75 ML(75 MG/0.75ML) ET 02 AIGUILLES,ALGERIE,1638 DA,5600.00 DA
,https://www.pharmnet-dz.com//medic.aspx?id=3089,,VALACLOR,06E166,COMP. PELLI.,Cliquez ici,B/30,Prod locale : Oui,AMLIBON 10MG COMP. B/30 ET B/90,ALGERIE,1380 DA,1597.00 DA
,https://www.pharmnet-dz.com//medic.aspx?id=194,,VALACLOR,06E146,COMP. PELLI.,Cliquez ici,B/30,Prod locale : Oui,AMLIBON 10MG COMP. B/30 ET B/90,ALGERIE,700 DA,N/A
,https://www.pharmnet-dz.com//medic.aspx?id=199,,VALACLOR,06E147,COMP. PELLI.,Cliquez ici,B/30,Prod locale : Oui,AMLIBON 10MG COMP. B/30 ET B/90,ALGERIE,1380 DA,1597.00 DA
,https://www.pharmnet-dz.com//medic.aspx?id=4417,,VALACLOR PLUS,06E237,COMP. PELLI.,Cliquez ici,B/30,Prod locale : Oui,AMLIBON 10MG COMP. B/30 ET B/90,ALGERIE,2190 DA,DA
,https://www.pharmnet-dz.com//medic.aspx?id=4302,,VALACLOR PLUS,06E238,COMP. PELLI.,Cliquez ici,B/30,Prod locale : Oui,AMLIBON 10MG COMP. B/30 ET B/90,ALGERIE,2190 DA,N/A
,https://www.pharmnet-dz.com//medic.aspx?id=4346,,VALACLOR PLUS,06E158,COMP. PELLI.,Cliquez ici,B/30,Prod locale : Oui,AMLIBON 10MG COMP. B/30 ET B/90,ALGERIE,2190 DA,DA
,https://www.pharmnet-dz.com//medic.aspx?id=5765,,VALAMLO ALEMBIC MAMI,06E258,COMP. PELLI.,Cliquez ici,B/30,Prod locale : Oui,AMLIBON 10MG COMP. B/30 ET B/90,ALGERIE,1500 DA,DA
,https://www.pharmnet-dz.com//medic.aspx?id=3090,,VALASTAN,06E166,COMP. PELLI.,Cliquez ici,B/28 - B/98,Prod locale : Oui,AMLIBON 10MG COMP. B/30 ET B/90,ALGERIE,1491.00 DA,1491.00 DA
,https://www.pharmnet-dz.com//medic.aspx?id=200,,VALASTAN,06E147,COMP. PELLI.,Cliquez ici,B/28 - B/98,Prod locale : Oui,AMLIBON 10MG COMP. B/30 ET B/90,ALGERIE,1491.00 DA,1491.00 DA
,https://www.pharmnet-dz.com//medic.aspx?id=5776,,VALCARD ALEMBIC MAMI,06E308,COMP. PELLI.,Cliquez ici,B/30,Prod locale : Oui,AMLIBON 10MG COMP. B/30 ET B/90,ALGERIE,1380 DA,DA
,https://www.pharmnet-dz.com//medic.aspx?id=3091,,VALEX,06E166,COMP. PELLI.,Cliquez ici,B/30,Prod locale : Oui,AMLIBON 10MG COMP. B/30 ET B/90,ALGERIE,1597.5 DA,1597.00 DA
,https://www.pharmnet-dz.com//medic.aspx?id=2453,,VALIREC,15A092,SIROP,Cliquez ici,FL./150ML,Prod locale : Oui,"DOPREXOL 0,375 MG COMPRIME A LIBERATION PROLONGEE B/30",ALGERIE,N/A,N/A
,https://www.pharmnet-dz.com//medic.aspx?id=3493,,VALKINE,15A003,SOL. BUV.,Cliquez ici,FL./60ML AVEC SERINGUE DOSEUSE,Prod locale : Oui,"DOPREXOL 0,375 MG COMPRIME A LIBERATION PROLONGEE B/30",ALGERIE,0 DA,N/A
,https://www.pharmnet-dz.com//medic.aspx?id=4278,,VALPROATE AFRO,15A003,SOL. BUV.,Cliquez ici,"FL 40ML,60ML,100ML PIPETTE GRADuée",Prod locale : Oui,"DOPREXOL 0,375 MG COMPRIME A LIBERATION PROLONGEE B/30",ALGERIE,0 DA,N/A
,https://www.pharmnet-dz.com//medic.aspx?id=3494,,VALPROATE DE SODIUM BGL,15A003,SOL. BUV.,Cliquez ici,B/1FL. DE 40ML + 1SERING. GRADUEE,Prod locale : Oui,"DOPREXOL 0,375 MG COMPRIME A LIBERATION PROLONGEE B/30",ALGERIE,0 DA,419.00 DA
,https://www.pharmnet-dz.com//medic.aspx?id=2401,,VALPROCIDE GS CHRONO,15A043,COMP. SEC.,Cliquez ici,B/30,Prod locale : Oui,"DOPREXOL 0,375 MG COMPRIME A LIBERATION PROLONGEE B/30",ALGERIE,0 DA,N/A
,https://www.pharmnet-dz.com//medic.aspx?id=3096,,VALSAN,06E166,COMP. PELLI.,Cliquez ici,B/30,Prod locale : Oui,AMLIBON 10MG COMP. B/30 ET B/90,ALGERIE,1597.5 DA,N/A
,https://www.pharmnet-dz.com//medic.aspx?id=206,,VALSAN,06E147,COMP. PELLI.,Cliquez ici,B/30,Prod locale : Oui,AMLIBON 10MG COMP. B/30 ET B/90,ALGERIE,1380 DA,1850.00 DA
,https://www.pharmnet-dz.com//medic.aspx?id=3092,,VALSARTAL,06E166,COMP. PELLI.,Cliquez ici,B/30,Prod locale : Oui,AMLIBON 10MG COMP. B/30 ET B/90,ALGERIE,1597.5 DA,N/A
,https://www.pharmnet-dz.com//medic.aspx?id=202,,VALSARTAL,06E147,COMP. PELLI.,Cliquez ici,B/30,Prod locale : Oui,AMLIBON 10MG COMP. B/30 ET B/90,ALGERIE,1597.5 DA,N/A
,https://www.pharmnet-dz.com//medic.aspx?id=3093,,VALSARTAN LDM,06E166,COMP. PELLI.,Cliquez ici,B/30,Prod locale : Oui,AMLIBON 10MG COMP. B/30 ET B/90,ALGERIE,1597.5 DA,N/A
,https://www.pharmnet-dz.com//medic.aspx?id=203,,VALSARTAN LDM,06E147,COMP. PELLI.,Cliquez ici,B/30,Prod locale : Oui,AMLIBON 10MG COMP. B/30 ET B/90,ALGERIE,1597.5 DA,1850.00 DA
,https://www.pharmnet-dz.com//medic.aspx?id=3166,,VALSARTAN/ HYDROCHLOROTHIAZIDE LDM,06E237,COMP. PELLI.,Cliquez ici,B/28,Prod locale : Oui,AMLIBON 10MG COMP. B/30 ET B/90,ALGERIE,2044 DA,2044.00 DA
,https://www.pharmnet-dz.com//medic.aspx?id=3082,,VALSARTAN+HCTZ LDM,06E158,COMP. PELLI.,Cliquez ici,B/30,Prod locale : Oui,AMLIBON 10MG COMP. B/30 ET B/90,ALGERIE,2190 DA,1850.00 DA
,https://www.pharmnet-dz.com//medic.aspx?id=3094,,VALSIS,06E166,COMP. PELLI.,Cliquez ici,B/28,Prod locale : Oui,AMLIBON 10MG COMP. B/30 ET B/90,ALGERIE,1491 DA,1491.00 DA
,https://www.pharmnet-dz.com//medic.aspx?id=204,,VALSIS,06E147,COMP. PELLI.,Cliquez ici,B/28,Prod locale : Oui,AMLIBON 10MG COMP. B/30 ET B/90,ALGERIE,1491 DA,1491.00 DA
,https://www.pharmnet-dz.com//medic.aspx?id=2603,,VALZEPAM,16B028,COMP.,Cliquez ici,B/20,Prod locale : Non,XEPLION 100MG/ML SUSP INJ LP B/01  SER PRE-REMP DE 0.75 ML(75 MG/0.75ML) ET 02 AIGUILLES,ALGERIE,0 DA,N/A
,https://www.pharmnet-dz.com//medic.aspx?id=2600,,VALZEPAM,16B025,SOL. INJ.,Cliquez ici,B/5,Prod locale : Non,XEPLION 100MG/ML SUSP INJ LP B/01  SER PRE-REMP DE 0.75 ML(75 MG/0.75ML) ET 02 AIGUILLES,ALGERIE,0 DA,N/A
,https://www.pharmnet-dz.com//medic.aspx?id=2602,,VALZEPAM,16B027,COMP.,Cliquez ici,B/20,Prod locale : Non,XEPLION 100MG/ML SUSP INJ LP B/01  SER PRE-REMP DE 0.75 ML(75 MG/0.75ML) ET 02 AIGUILLES,ALGERIE,0 DA,N/A
,https://www.pharmnet-dz.com//medic.aspx?id=413,,VANCOLON,13N096,PDRE. SOL. INJ.,Cliquez ici,B/1FL. DE PDRE,Prod locale : Oui,AMODEX-Gé 250MG/5ML PDRE. P. SUSP. BUV. FL/60ML,EMIRATS ARABES UNIS,N/A,N/A
,https://www.pharmnet-dz.com//medic.aspx?id=3604,,VANCOMYCINE MYLAN,13X096,PDRE. SOL. INJ.,Cliquez ici,B/1FL.DE PDRE,Prod locale : Oui,AMODEX-Gé 250MG/5ML PDRE. P. SUSP. BUV. FL/60ML,FRANCE,N/A,N/A
,https://www.pharmnet-dz.com//medic.aspx?id=412,,VANCOMYCINE WYETH LEDERL,13N096,PDRE. SOL. INJ.,Cliquez ici,FL/10ML,Prod locale : Oui,AMODEX-Gé 250MG/5ML PDRE. P. SUSP. BUV. FL/60ML,FRANCE,N/A,N/A
,https://www.pharmnet-dz.com//medic.aspx?id=2079,,VANTAMED,20A015,COMP.,Cliquez ici,B/20,Prod locale : Non,"CARBOMEX 0,05 SOL BUV FL/150ML +GOBLET DOSEUR DE 150 ML",SYRIE,110 DA,N/A
,https://www.pharmnet-dz.com//medic.aspx?id=1349,,VAPORHUM,20E076,BAUME,Cliquez ici,POT/40G,Prod locale : Non,"CARBOMEX 0,05 SOL BUV FL/150ML +GOBLET DOSEUR DE 150 ML",ALGERIE,N/A,N/A
,https://www.pharmnet-dz.com//medic.aspx?id=6267,,VARENOX,12B081,SOL. INJ.,Cliquez ici,"0,2 ml",Prod locale : Oui,ADCETRIS 50 MG / ML  POUDRE POUR SOLUTION A DILUER POUR PERFUSION  B/01 FLACON,ALGERIE,800 DA,DA
,https://www.pharmnet-dz.com//medic.aspx?id=486,,WARTEC,07F155,CRÈME,Cliquez ici,T/5G,Prod locale : Oui,ADAFERIN GEL DERMIQUE 0.1%,ROYAUME UNI,0 DA,DA
,https://www.pharmnet-dz.com//medic.aspx?id=1503,,WAZTORON,06J107,COMP. PELLI.,Cliquez ici,B/60,Prod locale : Oui,AMLIBON 10MG COMP. B/30 ET B/90,ALGERIE,390 DA,N/A
,https://www.pharmnet-dz.com//medic.aspx?id=4478,,WILFACTIN,12J181,PDRE. SOL. INJ.,Cliquez ici,B/ 01 FLACON DE POUDRE DE 10 G + 01 FLACON DE SOL DE 10ML,Prod locale : Oui,ADCETRIS 50 MG / ML  POUDRE POUR SOLUTION A DILUER POUR PERFUSION  B/01 FLACON,FRANCE,00 DA,DA
,https://www.pharmnet-dz.com//medic.aspx?id=699,,WINEX,13B201,COMP. PELLI.,Cliquez ici,B/08,Prod locale : Oui,AMODEX-Gé 250MG/5ML PDRE. P. SUSP. BUV. FL/60ML,ARABIE SAOUDITE,960.53 DA,N/A
,https://www.pharmnet-dz.com//medic.aspx?id=4232,,WIPACK,14G186,SOL. INJ.,Cliquez ici,"B/50 AMP, DE 10ML",Prod locale : Oui,CALCIDOSE VITAMINE D 400UI/500MG/SACHET PDRE. ORALE  B/30 SACHETS,ALGERIE,00 DA,DA
,https://www.pharmnet-dz.com//medic.aspx?id=4231,,WIPACK,14G185,SOL. INJ.,Cliquez ici,B/50,Prod locale : Oui,CALCIDOSE VITAMINE D 400UI/500MG/SACHET PDRE. ORALE  B/30 SACHETS,ALGERIE,00 DA,DA
,https://www.pharmnet-dz.com//medic.aspx?id=2045,,WORMAZOL,19B007,SUSP. BUV.,Cliquez ici,FL/30ML,Prod locale : Non,ABAVIR  300 MG CP PELL B/1  PILULIER DE 60,ARABIE SAOUDITE,0 DA,N/A
,https://www.pharmnet-dz.com//medic.aspx?id=4546,,WYSERIN,16A107,MICROGRANULES,Cliquez ici,B/30,Prod locale : Non,XEPLION 100MG/ML SUSP INJ LP B/01  SER PRE-REMP DE 0.75 ML(75 MG/0.75ML) ET 02 AIGUILLES,ALGERIE,391 DA,N/A
,https://www.pharmnet-dz.com//medic.aspx?id=2086,,XABUMOL,20A016,SOL. BUV.,Cliquez ici,B/1FL. EN VERRE DE 125ML,Prod locale : Non,"CARBOMEX 0,05 SOL BUV FL/150ML +GOBLET DOSEUR DE 150 ML",ALGERIE,0 DA,159.00 DA
,https://www.pharmnet-dz.com//medic.aspx?id=2370,,XALACOM,17C162,COLLY.,Cliquez ici,"FL./2,5ML",Prod locale : Oui,CROPINE 0.5% COLLY. EN SOL. FL./10ML,FRANCE,0 DA,1714.34 DA
,https://www.pharmnet-dz.com//medic.aspx?id=6285,,XALAPROST,17C127,COLLY. SOL.,Cliquez ici,FL/2.5ml,Prod locale : Oui,CROPINE 0.5% COLLY. EN SOL. FL./10ML,ALGERIE,N/A DA,802.68 DA
,https://www.pharmnet-dz.com//medic.aspx?id=2363,,XALATAN,17C127,COLLY. SOL.,Cliquez ici,"F/2,5ML",Prod locale : Oui,CROPINE 0.5% COLLY. EN SOL. FL./10ML,BELGIQUE,1528.78 DA,1528.78 DA
,https://www.pharmnet-dz.com//medic.aspx?id=5735,,XALDOL,03F115,GLES.,Cliquez ici,BT/20,Prod locale : Oui,ATP NOVAGENERICS  30MG GLES.  B/30,ALGERIE,97 DA,DA
,https://www.pharmnet-dz.com//medic.aspx?id=1818,,XARELTO,12F159,COMP. PELLI.,Cliquez ici,B/05 - B/10 - B/30 - B/100,Prod locale : Oui,ADCETRIS 50 MG / ML  POUDRE POUR SOLUTION A DILUER POUR PERFUSION  B/01 FLACON,ALLEMAGNE,0 DA,DA
,https://www.pharmnet-dz.com//medic.aspx?id=1819,,XARELTO,12F167,COMP. PELLI.,Cliquez ici,B/14 - B/42 - B/100,Prod locale : Oui,ADCETRIS 50 MG / ML  POUDRE POUR SOLUTION A DILUER POUR PERFUSION  B/01 FLACON,ALLEMAGNE,0 DA,DA
,https://www.pharmnet-dz.com//medic.aspx?id=1820,,XARELTO,12F168,COMP. PELLI.,Cliquez ici,B/28 - B/100,Prod locale : Oui,ADCETRIS 50 MG / ML  POUDRE POUR SOLUTION A DILUER POUR PERFUSION  B/01 FLACON,ALLEMAGNE,0 DA,DA
,https://www.pharmnet-dz.com//medic.aspx?id=2605,,XAVEL,16B029,SOL. BUV. GTTES.,Cliquez ici,B/1FL. COMPT. GTTES DE 20ML,Prod locale : Non,XEPLION 100MG/ML SUSP INJ LP B/01  SER PRE-REMP DE 0.75 ML(75 MG/0.75ML) ET 02 AIGUILLES,ALGERIE,0 DA,200.00 DA
,https://www.pharmnet-dz.com//medic.aspx?id=3930,,XEFURYL,10C017,GLES.,Cliquez ici,B/28,Prod locale : Oui,DIARFAN 10 mg Racécadotril PDRE.SOL.BUV 16 Sachets,ALGERIE,172.76 DA,185.00 DA
,https://www.pharmnet-dz.com//medic.aspx?id=10,,XELODA,05G108,COMP. PELLI.,Cliquez ici,B/120,Prod locale : Non,5-FLUOROURACIL EBEWE 50MG/ML**  (OU 250MG/5ML -  500MG/10ML -  1000MG/20ML) SOL INJ B/5 AMP. DE 5ML  -  B/1FL DE 10ML  -  B/1FL. DE 20ML),SUISSE,0 DA,DA
,https://www.pharmnet-dz.com//medic.aspx?id=585,,XENETIX,08C061,SOL. INJ.,Cliquez ici,FL./50ML ET FL./100ML,Prod locale : Non,HEXABRIX 320 I=320MG/ML SOL INJ INTRA-VASC. - INTRA-UTERINE -INTRA-ARTICULAIRE FL 20ML- 50ML -100ML,FRANCE,0 DA,3218.00 DA
,https://www.pharmnet-dz.com//medic.aspx?id=586,,XENETIX,08C062,SOL. INJ.,Cliquez ici,FL./50ML ET FL./100ML,Prod locale : Non,HEXABRIX 320 I=320MG/ML SOL INJ INTRA-VASC. - INTRA-UTERINE -INTRA-ARTICULAIRE FL 20ML- 50ML -100ML,FRANCE,3465 DA,DA
,https://www.pharmnet-dz.com//medic.aspx?id=6247,,XEPLION,16D172,SUSP. INJ.,Cliquez ici,B/ 01  SER PRE-REMP DE 1.5ML (150MG/1.5ML) ET 02 AIGUILLES,Prod locale : Non,XEPLION 100MG/ML SUSP INJ LP B/01  SER PRE-REMP DE 0.75 ML(75 MG/0.75ML) ET 02 AIGUILLES,BELGIQUE,---- DA,DA
,https://www.pharmnet-dz.com//medic.aspx?id=6244,,XEPLION,16D172,SUSP. INJ.,Cliquez ici,"""B/01  SER PRE-REMP DE 0.50 ML(50 MG/0.5ML) ET 02 AIGUILLES",Prod locale : Non,XEPLION 100MG/ML SUSP INJ LP B/01  SER PRE-REMP DE 0.75 ML(75 MG/0.75ML) ET 02 AIGUILLES,BELGIQUE,*** DA,DA
,https://www.pharmnet-dz.com//medic.aspx?id=6246,,XEPLION,16D172,SUSP. INJ.,Cliquez ici,B/01  SER PRE-REMP DE 1ML (100MG/ML) ET 02 AIGUILLES,Prod locale : Non,XEPLION 100MG/ML SUSP INJ LP B/01  SER PRE-REMP DE 0.75 ML(75 MG/0.75ML) ET 02 AIGUILLES,BELGIQUE,*** DA,DA
,https://www.pharmnet-dz.com//medic.aspx?id=4084,,XILONIBSA,02C022,SOL. INJ.,Cliquez ici,"B/100CART. DE 1,8ML",Prod locale : Non,ATACURE 10MG/ML (50MG/5ML) SOL. INJ. IV B/05AMP DE 5ML,ESPAGNE,0 DA,DA
,https://www.pharmnet-dz.com//medic.aspx?id=966,,XIMALEX,04C027,SIROP,Cliquez ici,FL./100ML,Prod locale : Oui,APONIL 100MG COMP. SEC. B/20,ALGERIE,0 DA,160.00 DA
,https://www.pharmnet-dz.com//medic.aspx?id=3275,,XINECOR,06G080,SOL. BUV.,Cliquez ici,FL./50ML + PIPETTE GRADUEE,Prod locale : Oui,AMLIBON 10MG COMP. B/30 ET B/90,ALGERIE,0 DA,N/A
,https://www.pharmnet-dz.com//medic.aspx?id=6291,,XINECOR,06G080,SOL. BUV.,Cliquez ici,FL/50ml + 01 PIPETTE GRADUEE à 1ml,Prod locale : Oui,AMLIBON 10MG COMP. B/30 ET B/90,ALGERIE,186.19 DA,186.19 DA
,https://www.pharmnet-dz.com//medic.aspx?id=6229,,XOFIGO,05M219,SOL. INJ.,Cliquez ici,B/01 FL DE 6 ML,Prod locale : Non,5-FLUOROURACIL EBEWE 50MG/ML**  (OU 250MG/5ML -  500MG/10ML -  1000MG/20ML) SOL INJ B/5 AMP. DE 5ML  -  B/1FL DE 10ML  -  B/1FL. DE 20ML),ALLEMAGNE,*** DA,DA
,https://www.pharmnet-dz.com//medic.aspx?id=2360,,XOLA JAM,17C121,COLLY. SOL.,Cliquez ici,FL./5ML,Prod locale : Oui,CROPINE 0.5% COLLY. EN SOL. FL./10ML,ARABIE SAOUDITE,624.77 DA,624.77 DA
,https://www.pharmnet-dz.com//medic.aspx?id=4445,,XOLAIR,20A246,PDRE. SOL. INJ.,Cliquez ici,B/01 FLACON DE  POUDRE DE 5ML ET SOLV 2ML,Prod locale : Non,"CARBOMEX 0,05 SOL BUV FL/150ML +GOBLET DOSEUR DE 150 ML",SUISSE,0 DA,0 DA
,https://www.pharmnet-dz.com//medic.aspx?id=2367,,XOLAMOL,17C141,COLLY. SOL.,Cliquez ici,FL./5ML,Prod locale : Oui,CROPINE 0.5% COLLY. EN SOL. FL./10ML,ARABIE SAOUDITE,753.4 DA,N/A
,https://www.pharmnet-dz.com//medic.aspx?id=3476,,XP MAXAMAID,14L343,PDRE.,Cliquez ici,B/500G,Prod locale : Oui,CALCIDOSE VITAMINE D 400UI/500MG/SACHET PDRE. ORALE  B/30 SACHETS,FRANCE,N/A,N/A
,https://www.pharmnet-dz.com//medic.aspx?id=3477,,XP MAXAMUM,14L344,PDRE.,Cliquez ici,B/500G,Prod locale : Oui,CALCIDOSE VITAMINE D 400UI/500MG/SACHET PDRE. ORALE  B/30 SACHETS,FRANCE,N/A,N/A
,https://www.pharmnet-dz.com//medic.aspx?id=6072,,XYCARE,01A054,COMP. PELLI.,Cliquez ici,B/28,Prod locale : Oui,"BETAMETHASONE novagenerics®  2 mg,  comprimé dispersible sécable boite de 20",ALGERIE,84 DA,DA
,https://www.pharmnet-dz.com//medic.aspx?id=4240,,XYCARE,01A054,COMP. PELLI.,Cliquez ici,B/14,Prod locale : Oui,"BETAMETHASONE novagenerics®  2 mg,  comprimé dispersible sécable boite de 20",ALGERIE,84 DA,DA
,https://www.pharmnet-dz.com//medic.aspx?id=907,,XYDOL,04B040,COMP. PELLI.,Cliquez ici,B/20,Prod locale : Oui,APONIL 100MG COMP. SEC. B/20,ALGERIE,120 DA,N/A
,https://www.pharmnet-dz.com//medic.aspx?id=929,,XYDOL,04B044,COMP. PELLI.,Cliquez ici,B/30,Prod locale : Oui,APONIL 100MG COMP. SEC. B/20,ALGERIE,235.5 DA,N/A
,https://www.pharmnet-dz.com//medic.aspx?id=2805,,XYDOL GYN,04B033,COMP. PELLI.,Cliquez ici,B/20,Prod locale : Oui,APONIL 100MG COMP. SEC. B/20,ALGERIE,179.2 DA,N/A
,https://www.pharmnet-dz.com//medic.aspx?id=1472,,XYDOL RHUME,22A043,COMP. PELLI.,Cliquez ici,B/20,Prod locale : Oui,"AVAMYS 27,50µG/DOSE SUSP. P. PULV. NAS. FL./120DOSES",ALGERIE,120 DA,N/A
,https://www.pharmnet-dz.com//medic.aspx?id=4074,,XYLOCAINE,02C018,SOL. INJ.,Cliquez ici,FL/20ML,Prod locale : Non,ATACURE 10MG/ML (50MG/5ML) SOL. INJ. IV B/05AMP DE 5ML,FRANCE,0 DA,DA
,https://www.pharmnet-dz.com//medic.aspx?id=4079,,XYLOCAINE,02C019,SOL. INJ.,Cliquez ici,FL/20ML,Prod locale : Non,ATACURE 10MG/ML (50MG/5ML) SOL. INJ. IV B/05AMP DE 5ML,FRANCE,N/A,N/A
,https://www.pharmnet-dz.com//medic.aspx?id=5878,,YRICAL,15A068,GLES.,Cliquez ici,B/56,Prod locale : Oui,"DOPREXOL 0,375 MG COMPRIME A LIBERATION PROLONGEE B/30",ALGERIE,4015 DA,DA
,https://www.pharmnet-dz.com//medic.aspx?id=5876,,YRICAL,15A066,GLES.,Cliquez ici,B/56,Prod locale : Oui,"DOPREXOL 0,375 MG COMPRIME A LIBERATION PROLONGEE B/30",ALGERIE,1866 DA,DA
,https://www.pharmnet-dz.com//medic.aspx?id=2072,,ZADITEN,20A013,SOL. BUV.,Cliquez ici,B/1FL. DE 150ML + UNE CUILLERE. MESURE DE 5ML,Prod locale : Non,"CARBOMEX 0,05 SOL BUV FL/150ML +GOBLET DOSEUR DE 150 ML",SUISSE,201 DA,0 DA
,https://www.pharmnet-dz.com//medic.aspx?id=81,,ZALAXAN LP,06B141,GLES. LP,Cliquez ici,B/30,Prod locale : Oui,AMLIBON 10MG COMP. B/30 ET B/90,ALGERIE,0 DA,N/A
,https://www.pharmnet-dz.com//medic.aspx?id=83,,ZALAXAN LP,06B142,GLES. LP,Cliquez ici,B/30,Prod locale : Oui,AMLIBON 10MG COMP. B/30 ET B/90,ALGERIE,0 DA,N/A
,https://www.pharmnet-dz.com//medic.aspx?id=52,,ZALAXAN LP 300MG,06B010,COMP. LP,Cliquez ici,B/30,Prod locale : Oui,AMLIBON 10MG COMP. B/30 ET B/90,ALGERIE,0 DA,N/A
,https://www.pharmnet-dz.com//medic.aspx?id=80,,ZALAXAN LP,06B140,GLES. LP,Cliquez ici,B/30,Prod locale : Oui,AMLIBON 10MG COMP. B/30 ET B/90,ALGERIE,0 DA,N/A
,https://www.pharmnet-dz.com//medic.aspx?id=2348,,ZALERG,17B171,COLLY. SOL.,Cliquez ici,B/1FL. DE 5ML,Prod locale : Oui,CROPINE 0.5% COLLY. EN SOL. FL./10ML,FRANCE,80 DA,652.00 DA
,https://www.pharmnet-dz.com//medic.aspx?id=6127,,ZALTRAP,N/D,SOL. INJ. PERF.,Cliquez ici,B/1FL DE 4 ML(100MG/4ML) ou B/1FL DE 8 ML (200MG/8ML),Prod locale : Oui,CROPINE 0.5% COLLY. EN SOL. FL./10ML,FRANCE,--- DA,DA
,https://www.pharmnet-dz.com//medic.aspx?id=3102,,ZANIDIP,06E168,COMP. PELLI.,Cliquez ici,B/28,Prod locale : Oui,AMLIBON 10MG COMP. B/30 ET B/90,FRANCE,0 DA,DA
,https://www.pharmnet-dz.com//medic.aspx?id=1751,,ZANITRA,12E020,COMP.,Cliquez ici,B/60,Prod locale : Oui,ADCETRIS 50 MG / ML  POUDRE POUR SOLUTION A DILUER POUR PERFUSION  B/01 FLACON,ALGERIE,0 DA,170 DA
,https://www.pharmnet-dz.com//medic.aspx?id=357,,ZANOCIN,13K086,COMP. PELLI.,Cliquez ici,B/10,Prod locale : Oui,AMODEX-Gé 250MG/5ML PDRE. P. SUSP. BUV. FL/60ML,INDE,0 DA,DA
,https://www.pharmnet-dz.com//medic.aspx?id=1400,,ZANURIC,21B008,COMP.,Cliquez ici,B/30,Prod locale : Oui,ACTEMRA   20MG/ML/FLACON  CONCENTRE POUR SOLUTION A DILUER POUR PERFUSION IV  BOITE DE 1 FLACON DE  20ml( 400 mg/20ml),JORDANIE,0 DA,N/A
,https://www.pharmnet-dz.com//medic.aspx?id=5847,,ZARZIO,12E065,SOL. INJ.,Cliquez ici,"B/5 SERINGUES DE 0,5 ML",Prod locale : Oui,ADCETRIS 50 MG / ML  POUDRE POUR SOLUTION A DILUER POUR PERFUSION  B/01 FLACON,AUTRICHE,00 DA,DA
,https://www.pharmnet-dz.com//medic.aspx?id=849,,ZECLAR,13E323,GRLES. SOL. BUV.,Cliquez ici,FL./100ML,Prod locale : Oui,AMODEX-Gé 250MG/5ML PDRE. P. SUSP. BUV. FL/60ML,FRANCE,777.92 DA,N/A
,https://www.pharmnet-dz.com//medic.aspx?id=827,,ZECLAR,13E244,COMP. PELLI.,Cliquez ici,B/10,Prod locale : Oui,AMODEX-Gé 250MG/5ML PDRE. P. SUSP. BUV. FL/60ML,FRANCE,200 DA,N/A
,https://www.pharmnet-dz.com//medic.aspx?id=832,,ZECLAR,13E297,GRLES. SOL. BUV.,Cliquez ici,FL./60ML,Prod locale : Oui,AMODEX-Gé 250MG/5ML PDRE. P. SUSP. BUV. FL/60ML,FRANCE,793.95 DA,N/A
,https://www.pharmnet-dz.com//medic.aspx?id=820,,ZECLAR,13E215,COMP. PELLI.,Cliquez ici,B/14,Prod locale : Oui,AMODEX-Gé 250MG/5ML PDRE. P. SUSP. BUV. FL/60ML,FRANCE,574 DA,1886.00 DA
,https://www.pharmnet-dz.com//medic.aspx?id=1273,,ZECUF AVEC SUCRE,20C099,SIROP,Cliquez ici,FL/120ML,Prod locale : Non,"CARBOMEX 0,05 SOL BUV FL/150ML +GOBLET DOSEUR DE 150 ML",ALGERIE,N/A,203.00 DA
,https://www.pharmnet-dz.com//medic.aspx?id=1274,,ZECUF SANS SUCRE,20C099,SIROP,Cliquez ici,F/120ML,Prod locale : Non,"CARBOMEX 0,05 SOL BUV FL/150ML +GOBLET DOSEUR DE 150 ML",ALGERIE,N/A,203.00 DA
,https://www.pharmnet-dz.com//medic.aspx?id=25,,ZECYTE,05G156,SOL. INJ.,Cliquez ici,B/1FL. DE 1ML,Prod locale : Non,5-FLUOROURACIL EBEWE 50MG/ML**  (OU 250MG/5ML -  500MG/10ML -  1000MG/20ML) SOL INJ B/5 AMP. DE 5ML  -  B/1FL DE 10ML  -  B/1FL. DE 20ML),INDE,N/A,N/A
,https://www.pharmnet-dz.com//medic.aspx?id=6233,,ZELBORAF,05M206,COMP. PELLI.,Cliquez ici,B/56,Prod locale : Non,5-FLUOROURACIL EBEWE 50MG/ML**  (OU 250MG/5ML -  500MG/10ML -  1000MG/20ML) SOL INJ B/5 AMP. DE 5ML  -  B/1FL DE 10ML  -  B/1FL. DE 20ML),SUISSE,*** DA,DA
,https://www.pharmnet-dz.com//medic.aspx?id=2306,,ZELDOX,16D137,PDRE. SUSP. INJ,Cliquez ici,"B/01FL. DE PDRE. + 01AMP. DE 1,2ML DE SOLVT.",Prod locale : Non,XEPLION 100MG/ML SUSP INJ LP B/01  SER PRE-REMP DE 0.75 ML(75 MG/0.75ML) ET 02 AIGUILLES,ALLEMAGNE,N/A,N/A
,https://www.pharmnet-dz.com//medic.aspx?id=2307,,ZELDOX,16D138,GLES.,Cliquez ici,B/30,Prod locale : Non,XEPLION 100MG/ML SUSP INJ LP B/01  SER PRE-REMP DE 0.75 ML(75 MG/0.75ML) ET 02 AIGUILLES,ALLEMAGNE,N/A,N/A
,https://www.pharmnet-dz.com//medic.aspx?id=2309,,ZELDOX,16D140,GLES.,Cliquez ici,B/30,Prod locale : Non,XEPLION 100MG/ML SUSP INJ LP B/01  SER PRE-REMP DE 0.75 ML(75 MG/0.75ML) ET 02 AIGUILLES,ALLEMAGNE,N/A,N/A
,https://www.pharmnet-dz.com//medic.aspx?id=1908,,ZEPILEN,13B013,PDRE. INJ.,Cliquez ici,B/1+1,Prod locale : Oui,AMODEX-Gé 250MG/5ML PDRE. P. SUSP. BUV. FL/60ML,CHYPRE,181 DA,194.00 DA
,https://www.pharmnet-dz.com//medic.aspx?id=3507,,ZEPTOL,15A004,COMP.,Cliquez ici,B/50 ET B/100,Prod locale : Oui,"DOPREXOL 0,375 MG COMPRIME A LIBERATION PROLONGEE B/30",INDE,435 DA,N/A
,https://www.pharmnet-dz.com//medic.aspx?id=2399,,ZEPTOL CR 400,15A036,COMP. PELLI.,Cliquez ici,B/30 ET B/50,Prod locale : Oui,"DOPREXOL 0,375 MG COMPRIME A LIBERATION PROLONGEE B/30",INDE,363 DA,N/A
,https://www.pharmnet-dz.com//medic.aspx?id=437,,ZERIT,13P272,GLES.,Cliquez ici,B/56,Prod locale : Oui,AMODEX-Gé 250MG/5ML PDRE. P. SUSP. BUV. FL/60ML,ROYAUME UNI,N/A,N/A
,https://www.pharmnet-dz.com//medic.aspx?id=438,,ZERIT,13P273,GLES.,Cliquez ici,B/56,Prod locale : Oui,AMODEX-Gé 250MG/5ML PDRE. P. SUSP. BUV. FL/60ML,ROYAUME UNI,N/A,N/A
,https://www.pharmnet-dz.com//medic.aspx?id=1677,,ZETA,07C017,CRÈME,Cliquez ici,T/15G,Prod locale : Oui,ADAFERIN GEL DERMIQUE 0.1%,ALGERIE,166.65 DA,N/A
,https://www.pharmnet-dz.com//medic.aspx?id=1673,,ZETA,07C016,PDE. DERM.,Cliquez ici,T/15G,Prod locale : Oui,ADAFERIN GEL DERMIQUE 0.1%,ALGERIE,135.13 DA,N/A
,https://www.pharmnet-dz.com//medic.aspx?id=522,,ZETA-CORT,07H169,CRÈME,Cliquez ici,T/15G,Prod locale : Oui,ADAFERIN GEL DERMIQUE 0.1%,ALGERIE,167 DA,N/A
,https://www.pharmnet-dz.com//medic.aspx?id=4274,,ZETRON,13E176,GLES.,Cliquez ici,B/06,Prod locale : Oui,AMODEX-Gé 250MG/5ML PDRE. P. SUSP. BUV. FL/60ML,ALGERIE,550 DA,N/A
,https://www.pharmnet-dz.com//medic.aspx?id=838,,ZETRON,13E299,COMP. PELLI.,Cliquez ici,B/03,Prod locale : Oui,AMODEX-Gé 250MG/5ML PDRE. P. SUSP. BUV. FL/60ML,ALGERIE,550 DA,552.00 DA
,https://www.pharmnet-dz.com//medic.aspx?id=2561,,ZEXIL,16A099,GLES.,Cliquez ici,B/30,Prod locale : Non,XEPLION 100MG/ML SUSP INJ LP B/01  SER PRE-REMP DE 0.75 ML(75 MG/0.75ML) ET 02 AIGUILLES,ALGERIE,1290 DA,992.00 DA
,https://www.pharmnet-dz.com//medic.aspx?id=216,,ZIBRAT,06E156,COMP. PELLI.,Cliquez ici,B/30,Prod locale : Oui,AMLIBON 10MG COMP. B/30 ET B/90,ALGERIE,1290 DA,1280.00 DA
